sample,w,gate,kind,n,wins,losses,pushes,profit,roi,ci90_low,ci90_high
full,0.3,0.01,added,6,2,4,0,-1.2999999999999998,-0.21666666666666665,-1.0,0.5666666666666668
full,0.3,0.01,removed,0,0,0,0,0.0,,,
full,0.3,0.02,added,0,0,0,0,0.0,,,
full,0.3,0.02,removed,0,0,0,0,0.0,,,
full,0.3,0.03,added,0,0,0,0,0.0,,,
full,0.3,0.03,removed,7,4,3,0,1.3610000000000007,0.19442857142857153,-0.45557142857142857,0.8501428571428572
full,0.3,0.04,added,0,0,0,0,0.0,,,
full,0.3,0.04,removed,14,9,5,0,5.641,0.4029285714285714,-0.09707499999999997,0.900885714285714
full,0.3,0.06,added,0,0,0,0,0.0,,,
full,0.3,0.06,removed,21,14,7,0,8.582,0.4086666666666667,0.014426190476190487,0.7910476190476191
full,0.35,0.01,added,19,6,13,0,-6.6530000000000005,-0.3501578947368421,-0.6965263157894737,0.026052631578947397
full,0.35,0.01,removed,0,0,0,0,0.0,,,
full,0.35,0.02,added,5,2,3,0,-0.2999999999999998,-0.05999999999999996,-1.0,0.8800000000000001
full,0.35,0.02,removed,0,0,0,0,0.0,,,
full,0.35,0.03,added,0,0,0,0,0.0,,,
full,0.35,0.03,removed,1,0,1,0,-1.0,-1.0,-1.0,-1.0
full,0.35,0.04,added,0,0,0,0,0.0,,,
full,0.35,0.04,removed,8,5,3,0,2.3610000000000007,0.2951250000000001,-0.30362500000000003,0.8850000000000001
full,0.35,0.06,added,0,0,0,0,0.0,,,
full,0.35,0.06,removed,16,11,5,0,6.612000000000001,0.41325000000000006,-0.02121249999999996,0.845753125
full,0.4,0.01,added,23,7,16,0,-5.452999999999999,-0.2370869565217391,-0.651913043478261,0.24452391304347768
full,0.4,0.01,removed,0,0,0,0,0.0,,,
full,0.4,0.02,added,13,3,10,0,-6.4670000000000005,-0.4974615384615385,-0.859,-0.05392307692307689
full,0.4,0.02,removed,0,0,0,0,0.0,,,
full,0.4,0.03,added,2,2,0,0,2.7,1.35,1.1,1.6
full,0.4,0.03,removed,0,0,0,0,0.0,,,
full,0.4,0.04,added,0,0,0,0,0.0,,,
full,0.4,0.04,removed,1,0,1,0,-1.0,-1.0,-1.0,-1.0
full,0.4,0.06,added,0,0,0,0,0.0,,,
full,0.4,0.06,removed,14,9,5,0,5.641,0.4029285714285714,-0.09707499999999997,0.900885714285714
full,0.5,0.01,added,38,12,26,0,-8.706999999999999,-0.22913157894736838,-0.5528,0.11759210526315775
full,0.5,0.01,removed,0,0,0,0,0.0,,,
full,0.5,0.02,added,24,7,17,0,-6.452999999999999,-0.268875,-0.6702499999999999,0.1862083333333334
full,0.5,0.02,removed,0,0,0,0,0.0,,,
full,0.5,0.03,added,16,5,11,0,-5.394,-0.337125,-0.7375,0.08875312499999913
full,0.5,0.03,removed,0,0,0,0,0.0,,,
full,0.5,0.04,added,5,2,3,0,-0.2999999999999998,-0.05999999999999996,-1.0,0.8800000000000001
full,0.5,0.04,removed,0,0,0,0,0.0,,,
full,0.5,0.06,added,0,0,0,0,0.0,,,
full,0.5,0.06,removed,5,3,2,0,1.0110000000000001,0.20220000000000002,-0.5599999999999999,0.9564
