sample,w,gate,n,wins,losses,pushes,profit,roi,ci90_low,ci90_high
post_0926,0.3,0.01,0,0,0,0,0.0,,,
post_0926,0.3,0.02,0,0,0,0,0.0,,,
post_0926,0.3,0.03,0,0,0,0,0.0,,,
post_0926,0.3,0.04,0,0,0,0,0.0,,,
post_0926,0.3,0.06,0,0,0,0,0.0,,,
post_0926,0.35,0.01,0,0,0,0,0.0,,,
post_0926,0.35,0.02,0,0,0,0,0.0,,,
post_0926,0.35,0.03,0,0,0,0,0.0,,,
post_0926,0.35,0.04,0,0,0,0,0.0,,,
post_0926,0.35,0.06,0,0,0,0,0.0,,,
post_0926,0.4,0.01,0,0,0,0,0.0,,,
post_0926,0.4,0.02,0,0,0,0,0.0,,,
post_0926,0.4,0.03,0,0,0,0,0.0,,,
post_0926,0.4,0.04,0,0,0,0,0.0,,,
post_0926,0.4,0.06,0,0,0,0,0.0,,,
post_0926,0.5,0.01,0,0,0,0,0.0,,,
post_0926,0.5,0.02,0,0,0,0,0.0,,,
post_0926,0.5,0.03,0,0,0,0,0.0,,,
post_0926,0.5,0.04,0,0,0,0,0.0,,,
post_0926,0.5,0.06,0,0,0,0,0.0,,,
