fixture,matchup,market,side,point,backtest_p,app_home_point,app_home_p20,backtest_pass,app_home_point_pass,app_default_p20_pass,manual_rounded_pass,backtest_edge,app_p20_edge
id2304384773534196,kansas @ pittsburgh,ml,home,,0.8975664001382433,0.8975664001382433,0.89427229684902,False,False,False,False,-0.02206132107732972,-0.023008183215746825
id2304384773534196,kansas @ pittsburgh,ml,away,,0.10243359986175671,0.10243359986175671,0.09968684888471145,False,False,False,False,-0.018946771910558033,-0.019750779963285878
id2304384773534196,kansas @ pittsburgh,spread,home,-2.5,0.5569828152186762,0.5569828152186762,0.5516897564478208,False,False,False,False,0.005615819582097559,0.004009260757007915
id2304384773534196,kansas @ pittsburgh,spread,away,2.5,0.44301718478132407,0.44301718478132407,0.4389505293638148,False,False,False,False,-0.048976253186433505,-0.0502133173120185
id2304384773115892,creighton @ purdue,ml,away,,0.35030099378229596,0.35030099378229596,0.34510924753169964,False,False,False,False,-0.07592497148212074,-0.07763509741204494
id2304384773115892,creighton @ purdue,ml,home,,0.649699006217704,0.649699006217704,0.6444503813655599,True,True,True,True,0.03037123443902201,0.028653486336499
id2304384773115892,creighton @ purdue,spread,away,-1.5,0.2319266143081095,0.2319266143081095,0.22733170650817053,False,False,False,False,-0.15788733069047312,-0.1598266483899753
id2304384773115892,creighton @ purdue,spread,home,1.5,0.7680733856918908,0.7680733856918908,0.7639022877350877,True,True,True,True,0.11448936208474847,0.11275290147466732
id2304384773115892,creighton @ purdue,spread,away,1.5,0.4974559657041853,0.4974559657041853,0.4922998227111531,False,False,False,False,-0.0017215273390500108,-0.003254321874748556
id2304384773115892,creighton @ purdue,spread,home,-1.5,0.502544034295815,0.502544034295815,0.49713374856817877,False,False,False,False,-0.039678387300301265,-0.041287526846090605
id2304384773534204,indiana @ louisville,ml,home,,0.7715732782736081,0.7715732782736081,0.7670474856558657,False,False,False,False,-0.04928930432291945,-0.050214073979562346
id2304384773534204,indiana @ louisville,ml,away,,0.2284267217263919,0.2284267217263919,0.22455849419378376,False,False,False,False,0.006865061898677027,0.0060684826188443786
id2304384773534204,indiana @ louisville,spread,home,-2.5,0.38806975976205443,0.38806975976205443,0.3833736719622896,False,False,False,False,-0.048100496394381465,-0.04956978538297818
id2304384773534204,indiana @ louisville,spread,away,2.5,0.6119302402379458,0.6119302402379458,0.6079579187664178,False,False,False,False,0.0036004419933372,0.002361961122244849
id2304384773114366,wisconsin @ stanford,ml,away,,0.2545410834606374,0.2614808438260544,0.25371457331509617,False,False,False,False,-0.12419823318524253,-0.12452426343033146
id2304384773114366,wisconsin @ stanford,ml,home,,0.7454589165393626,0.7385191561739456,0.7307420564306816,True,True,True,True,0.08111095053948725,0.0754139104202225
id2304384773114366,wisconsin @ stanford,spread,away,1.5,0.39387265296054746,0.40175647538485787,0.3932106120243969,False,False,False,False,-0.021093133928543173,-0.021292085529284133
id2304384773114366,wisconsin @ stanford,spread,home,-1.5,0.6061273470394528,0.5982435246151423,0.590227301625961,False,False,False,False,-0.019793258081444276,-0.024548327552721072
id2304384773114660,arizona-st @ minnesota,ml,away,,0.25738771482705536,0.26436833652725855,0.2600300550631183,False,False,False,False,-0.10876296974996702,-0.1077458575764062
id2304384773114660,arizona-st @ minnesota,ml,home,,0.7426122851729446,0.7356316634727414,0.7308301951682546,True,True,True,True,0.06320923270686829,0.05872061923502947
id2304384773114660,arizona-st @ minnesota,spread,away,1.5,0.39711448038124675,0.405017590062691,0.4002477094094204,False,False,False,False,-0.007121044962279499,-0.006213660727092951
id2304384773114660,arizona-st @ minnesota,spread,home,-1.5,0.6028855196187534,0.5949824099373093,0.5899136349120014,False,False,False,False,-0.03529233616077876,-0.03904025910843667
id2304384773534350,texas-am @ purdue,ml,home,,0.4917725278804934,0.48315675908406297,0.4786820731911595,False,False,False,False,-0.03210538470154922,-0.0360340838651636
id2304384773534350,texas-am @ purdue,ml,away,,0.5082274721195066,0.516843240915937,0.512022986630798,False,False,False,False,-0.013448352341549619,-0.012309981669422765
id2304384773534350,texas-am @ purdue,spread,home,-1.5,0.35129984082944077,0.3436269743941177,0.33929490153234265,False,False,False,False,-0.015060876657239153,-0.0186051156251405
id2304384773534350,texas-am @ purdue,spread,away,1.5,0.6487001591705593,0.6563730256058824,0.651833978233258,False,False,False,False,-0.02833709194848566,-0.02741565891986586
id2304384773114716,florida @ minnesota,ml,home,,0.7681243796924919,0.7681243796924919,0.7644340061666369,False,False,False,False,0.012381329619430947,0.011076108584293087
id2304384773114716,florida @ minnesota,ml,away,,0.23187562030750808,0.23187562030750808,0.22897773716778008,False,False,False,False,-0.054925146323631546,-0.05595800751875735
id2304384773114716,florida @ minnesota,spread,home,1.5,0.8576755627611673,0.8576755627611673,0.8550218633451458,True,True,True,True,0.11660309050656414,0.11507198865138457
id2304384773114716,florida @ minnesota,spread,away,-1.5,0.14232443723883306,0.14232443723883306,0.13998183388099023,False,False,False,False,-0.1621568275496627,-0.16352639039778205
id2304384773114442,texas-am @ indiana,ml,away,,0.16777476893769627,0.17318191997356047,0.16876680153333812,False,False,False,False,-0.07127892531092794,-0.07086749808889792
id2304384773114442,texas-am @ indiana,ml,home,,0.8322252310623037,0.8268180800264395,0.8217131749389122,True,True,True,True,0.027718319250321977,0.02343293355785947
id2304384773114442,texas-am @ indiana,spread,away,-1.5,0.09780129919744507,0.10144227604876402,0.09804535903628302,False,False,False,False,-0.17485998216632537,-0.17467808112597705
id2304384773114442,texas-am @ indiana,spread,home,1.5,0.9021987008025552,0.8985577239512362,0.8955305317216382,True,True,True,True,0.12930624512322675,0.12445767686539189
id2304384773534364,florida @ wisconsin,ml,home,,0.8971020388690745,0.8971020388690745,0.893239501811973,False,False,False,False,-0.006528586814519954,-0.007946684784428282
id2304384773534364,florida @ wisconsin,ml,away,,0.10289796113092553,0.10289796113092553,0.09955962817556863,False,False,False,False,-0.03502871852231279,-0.03628201297916264
id2304384773534364,florida @ wisconsin,spread,home,-2.5,0.5561596074135345,0.5561596074135345,0.550192302490524,False,False,False,False,0.015854867720936805,0.01405091381470458
id2304384773534364,florida @ wisconsin,spread,away,2.5,0.4438403925864658,0.4438403925864658,0.438660468164626,False,False,False,False,-0.057254782360288026,-0.05882529490800126
id2304384773534368,southern-california @ texas,ml,home,,0.6497492967242263,0.6417265161663777,0.6370981882390392,False,False,False,False,-0.06776423424369282,-0.07048039731179523
id2304384773534368,southern-california @ texas,ml,away,,0.3502507032757737,0.35827348383362234,0.3538076464973014,True,True,True,True,0.025515088546271075,0.026280466333033492
id2304384773534368,southern-california @ texas,spread,home,-2.5,0.2790692712976233,0.2729633279160939,0.26910809677145653,False,False,False,False,-0.064142767365295,-0.06763975298092789
id2304384773534368,southern-california @ texas,spread,away,2.5,0.7209307287023768,0.7270366720839063,0.7234334721864342,True,True,True,True,0.021457423107332785,0.022329939396087628
id2304384773534394,tcu @ louisville,ml,home,,0.8551359713991828,0.8551359713991828,0.8510296225380829,False,False,False,False,-0.040681241542638524,-0.04148311794478343
id2304384773534394,tcu @ louisville,ml,away,,0.14486402860081715,0.14486402860081715,0.1412190872497469,False,False,False,False,-0.00603163961362993,-0.0067538018353813095
id2304384773534394,tcu @ louisville,spread,home,-2.5,0.4897411062332812,0.4897411062332812,0.48437911150329077,False,False,False,False,-0.03783741952156494,-0.039447013056032765
id2304384773534394,tcu @ louisville,spread,away,2.5,0.5102588937667191,0.5102588937667191,0.505581440534976,False,False,False,False,-0.03168129705597489,-0.03308486283307177
id2304384773534402,ucla @ miami-fl,ml,home,,0.5077799896416209,0.5077799896416209,0.5041669611554547,False,False,False,False,-0.04168667368736856,-0.042766257491750115
id2304384773534402,ucla @ miami-fl,ml,away,,0.49222001035837915,0.49222001035837915,0.488659823970865,False,False,False,False,-0.02050074313223338,-0.02156447513352272
id2304384773534402,ucla @ miami-fl,spread,home,-1.5,0.36570222590134327,0.36570222590134327,0.36193146324611086,False,False,False,False,-0.02952876392024517,-0.030659719510612804
id2304384773534402,ucla @ miami-fl,spread,away,1.5,0.6342977740986571,0.6342977740986571,0.6309516494118004,False,False,False,False,-0.030838690147996117,-0.03183940410229469
id2304384773208572,arizona @ creighton,ml,home,,0.8041988794022452,0.8041988794022452,0.8002465898253703,False,False,False,False,-0.05028520509674428,-0.05108673052154811
id2304384773208572,arizona @ creighton,ml,away,,0.19580112059775479,0.19580112059775479,0.19202692308064367,False,False,False,False,-0.0032199016813430903,-0.003992503941634737
id2304384773208572,arizona @ creighton,spread,home,-2.5,0.424194396204744,0.424194396204744,0.41956994915770324,False,False,False,False,-0.04093037082926054,-0.04233594538145402
id2304384773208572,arizona @ creighton,spread,away,2.5,0.5758056037952561,0.5758056037952561,0.5720385696303866,False,False,False,False,-0.021257045990341394,-0.022399651367621787
id2304384773534416,pittsburgh @ byu,ml,home,,0.1658976334671325,0.1658976334671325,0.16163015015868248,False,False,False,False,-0.042861511816092046,-0.04431019695573518
id2304384773534416,pittsburgh @ byu,ml,away,,0.8341023665328675,0.8341023665328675,0.8287375480298836,False,False,False,False,-0.01819643737514509,-0.019987330650400814
id2304384773534416,pittsburgh @ byu,spread,home,1.5,0.286499607809885,0.286499607809885,0.2810245585225806,False,False,False,False,-0.059127612296050014,-0.06096162760273183
id2304384773534416,pittsburgh @ byu,spread,away,-1.5,0.7135003921901153,0.7135003921901153,0.7068490183207268,False,False,False,False,-0.0017771673703855795,-0.003983166159257756
id2304384773206766,smu @ san-diego,ml,home,,0.3664990002707097,0.3664990002707097,0.36146758458400774,False,False,False,False,0.009241699785948077,0.007991540567828304
id2304384773206766,smu @ san-diego,ml,away,,0.6335009997292903,0.6335009997292903,0.6277036555727974,False,False,False,False,-0.06895829897623151,-0.07039467488621454
id2304384773206766,smu @ san-diego,spread,home,1.5,0.5139853587484255,0.5139853587484255,0.5090215509366539,False,False,False,False,0.007558477661332996,0.006103415811424817
id2304384773206766,smu @ san-diego,spread,away,-1.5,0.4860146412515747,0.4860146412515747,0.480203148746586,False,False,False,False,-0.06689866617889939,-0.06860493290245107
id2304384773534424,florida @ baylor,ml,home,,0.4797776215545086,0.4797776215545086,0.4738552154978135,False,False,False,False,-0.07929912925744165,-0.0810121985471286
id2304384773534424,florida @ baylor,ml,away,,0.5202223784454914,0.5202223784454914,0.5138912699392417,False,False,False,False,0.017176969574306478,0.015350132651919923
id2304384773534424,florida @ baylor,spread,home,-1.5,0.34063255599896136,0.34063255599896136,0.3348430732630981,False,False,False,False,-0.0670746837667226,-0.0689660450291043
id2304384773534424,florida @ baylor,spread,away,1.5,0.6593674440010387,0.6593674440010387,0.6536250915538785,False,False,False,False,0.004887266947120716,0.003024319934996189
id2304384773534428,ucla @ miami-fl,ml,home,,0.48051122590147377,0.48051122590147377,0.47699843927085905,False,False,False,False,-0.02867662257155046,-0.02972876726331597
id2304384773534428,ucla @ miami-fl,ml,away,,0.5194887740985262,0.5194887740985262,0.5160971146670263,False,False,False,False,-0.03661450235778818,-0.03763006033228811
id2304384773534428,ucla @ miami-fl,spread,home,-1.5,0.3412819280368993,0.3412819280368993,0.33773682834336627,False,False,False,False,-0.047270514801457,-0.04838527793819786
id2304384773534428,ucla @ miami-fl,spread,away,1.5,0.6587180719631011,0.6587180719631011,0.6556354752867924,False,False,False,False,-0.014798637520549662,-0.01576447495455191
id2304384773534428,ucla @ miami-fl,spread,home,1.5,0.6236401624773754,0.6236401624773754,0.6205204697213703,False,False,False,False,-0.026403153982033856,-0.027345013438608623
id2304384773534428,ucla @ miami-fl,spread,away,-1.5,0.3763598375226249,0.3763598375226249,0.3732246189384674,False,False,False,False,-0.03293703453553243,-0.03388582313688521
id2304384773114274,texas @ louisville,ml,away,,0.5306454394801952,0.539231590981627,0.5342828177667244,False,False,False,False,-0.0136499693179703,-0.01255488416117384
id2304384773114274,texas @ louisville,ml,home,,0.4693545605198049,0.460768409018373,0.45630713575510934,False,False,False,False,-0.051641155611368283,-0.055575194200557565
id2304384773114274,texas @ louisville,spread,away,-1.5,0.3866133349956655,0.3945708939390123,0.3898059211194797,False,False,False,False,-0.10762897529308413,-0.10664670307809732
id2304384773114274,texas @ louisville,spread,home,1.5,0.6133866650043347,0.6054291060609879,0.6012612732236163,True,True,True,True,0.049973381555016294,0.04626120891452812
id2304384773534446,tcu @ purdue,ml,home,,0.7806315484499409,0.7806315484499409,0.7756593211605352,False,False,False,False,-0.029566895822741635,-0.03105253191183799
id2304384773534446,tcu @ purdue,ml,away,,0.21936845155005913,0.21936845155005913,0.21495998375727993,False,False,False,False,-0.03014970336754172,-0.03148113610012657
id2304384773534446,tcu @ purdue,spread,home,-1.5,0.6471513384372799,0.6471513384372799,0.6419168055688751,False,False,False,False,-0.013536472840345981,-0.01516730111301634
id2304384773534446,tcu @ purdue,spread,away,1.5,0.3528486615627205,0.3528486615627205,0.34810920230047254,False,False,False,False,-0.045465861198626945,-0.04694980486730632
id2304384773212458,florida @ north-texas,ml,home,,0.07556388840066816,0.07262697013210734,0.0703355124352456,False,False,False,False,-0.03148594109539994,-0.03329538533005273
id2304384773212458,florida @ north-texas,ml,away,,0.9244361115993318,0.9273730298678926,0.924268892060049,False,False,False,False,-0.021614812770224923,-0.021671317675195922
id2304384773212458,florida @ north-texas,spread,home,2.5,0.3907852783476342,0.3844213048971663,0.3791606473103654,False,False,False,False,-0.07908712989173938,-0.08276950848971598
id2304384773212458,florida @ north-texas,spread,away,-2.5,0.609214721652366,0.6155786951028339,0.6092827129449022,False,True,False,False,0.019466081939303104,0.0194875003337871
id2304384773114512,indiana @ tennessee,ml,home,,0.8188013901350714,0.8131182895718029,0.8092065281862912,True,True,True,True,0.043105964028208654,0.03895167209722805
id2304384773114512,indiana @ tennessee,ml,away,,0.18119860986492864,0.18688171042819712,0.18313177429130192,False,False,False,False,-0.10517511635021526,-0.10432695081492377
id2304384773114512,indiana @ tennessee,spread,home,-1.5,0.6939572686104498,0.68681943462104,0.682310856958924,True,True,True,True,0.0595633399927924,0.055493800563136575
id2304384773114512,indiana @ tennessee,spread,away,1.5,0.30604273138955046,0.31318056537896016,0.30931310845126425,False,False,False,False,-0.11856567403176532,-0.11741436995774912
id2304384773534460,washington-st @ oregon,ml,home,,0.8847204431036977,0.8847204431036977,0.8813069559972537,False,False,False,False,-0.034659432263259626,-0.03549938277591469
id2304384773534460,washington-st @ oregon,ml,away,,0.11527955689630232,0.11527955689630232,0.11227806754295447,False,False,False,False,-0.018071264535233847,-0.018822118881166083
id2304384773534460,washington-st @ oregon,spread,home,-2.5,0.5350158367481997,0.5350158367481997,0.5299052631994084,False,False,False,False,-0.03354334356628841,-0.03507312681106267
id2304384773534460,washington-st @ oregon,spread,away,2.5,0.46498416325180053,0.46498416325180053,0.4608643865442937,False,False,False,False,-0.028644073253313307,-0.029878302666508427
id2304384773534464,marquette @ stanford,spread,home,-2.5,0.6125252143698159,0.6125252143698159,0.6060883740687781,False,False,False,False,-0.05677771835795553,-0.058545054816408704
id2304384773534464,marquette @ stanford,spread,away,2.5,0.38747478563018434,0.38747478563018434,0.3820428389515732,False,False,False,False,-0.002722602558677345,-0.0042183738217852484
id2304384773534466,northern-colo @ colorado,spread,home,-2.5,0.6232606904110857,0.6232606904110857,0.6181401732314717,False,False,False,False,-0.032598389189225085,-0.03412341947825004
id2304384773534466,northern-colo @ colorado,spread,away,2.5,0.37673930958891444,0.37673930958891444,0.3726165448558272,False,False,False,False,-0.028340143527232187,-0.029572103463936683
id2304384773622992,southern-california @ san-diego,ml,home,,0.37564471395776755,0.37564471395776755,0.371887201636128,False,False,False,False,-0.026562814354515574,-0.027681087081492584
id2304384773622992,southern-california @ san-diego,ml,away,,0.6243552860422324,0.6243552860422324,0.6196743401689646,False,False,False,False,-0.033804639713725826,-0.035193521953243434
id2304384773622992,southern-california @ san-diego,spread,home,1.5,0.5232054291802439,0.5232054291802439,0.5195703690305121,False,False,False,False,-0.03893744825371992,-0.040021528078598156
id2304384773622992,southern-california @ san-diego,spread,away,-1.5,0.4767945708197564,0.4767945708197564,0.4726343246548324,False,False,False,False,-0.020683599698716415,-0.02192469360337307
id2304384773115484,kentucky @ penn-st,ml,home,,0.16055477168240684,0.16055477168240684,0.15693925166557543,False,False,False,False,-0.010754254554784098,-0.011573601898222638
id2304384773115484,kentucky @ penn-st,ml,away,,0.8394452283175932,0.8394452283175932,0.8345752945831456,False,False,False,False,-0.042750852223303104,-0.043839099420269756
id2304384773115484,kentucky @ penn-st,spread,home,2.5,0.5318769642246901,0.5318769642246901,0.5270208105938562,False,False,False,False,-0.013279330802219103,-0.014740111111483434
id2304384773115484,kentucky @ penn-st,spread,away,-2.5,0.46812303577531017,0.46812303577531017,0.46134798890382855,False,False,False,False,-0.052011794127119426,-0.05405327048000419
id2304384773534484,auburn @ florida-st,ml,home,,0.541513238272358,0.541513238272358,0.5353863676095937,False,False,False,False,-0.014998022028239577,-0.016846941755217004
id2304384773534484,auburn @ florida-st,ml,away,,0.458486761727642,0.458486761727642,0.45209522079112974,False,False,False,False,-0.05285261549452913,-0.054785534240007205
id2304384773534484,auburn @ florida-st,spread,home,1.5,0.6780437034389242,0.6780437034389242,0.6726039520812472,False,False,False,False,-0.029359062450986628,-0.030994329841984247
id2304384773534484,auburn @ florida-st,spread,away,-1.5,0.32195629656107594,0.32195629656107594,0.3155886575232779,False,False,False,False,-0.032009146804546584,-0.03393643609088709
id2304384773534488,wichita-st @ kansas,ml,home,,0.9206896607372056,0.9206896607372056,0.917743481272302,False,False,False,False,-0.012177509332692682,-0.013322137257854472
id2304384773534488,wichita-st @ kansas,ml,away,,0.0793103392627944,0.0793103392627944,0.07684761110450666,False,False,False,False,-0.04094801438106632,-0.04192647024568817
id2304384773534488,wichita-st @ kansas,spread,home,-2.5,0.60131158508735,0.60131158508735,0.5958686485534772,True,True,True,True,0.02276285595763311,0.021067667215942887
id2304384773534488,wichita-st @ kansas,spread,away,2.5,0.3986884149126501,0.3986884149126501,0.39438663961972203,False,False,False,False,-0.08373644876870323,-0.08508210585565579
id2304384773534482,iowa @ iowa-st,ml,home,,0.7079155000467758,0.7079155000467758,0.7019744347828311,False,False,False,False,-0.06344289015728732,-0.06479357541177144
id2304384773534482,iowa @ iowa-st,ml,away,,0.29208449995322416,0.29208449995322416,0.28612503469941514,False,False,False,False,0.003079642294039564,0.0017156541601848763
id2304384773534482,iowa @ iowa-st,spread,home,-2.5,0.32689123013188787,0.32689123013188787,0.3214531011252042,False,False,False,False,-0.030525217517714365,-0.03216092486018274
id2304384773534482,iowa @ iowa-st,spread,away,2.5,0.6731087698681126,0.6731087698681126,0.6680684624751188,False,False,False,False,-0.030842991737818792,-0.032350311089103356
id2304384773208610,byu @ boise-st,ml,home,,0.1711664740288476,0.1711664740288476,0.1670352611964806,False,False,False,False,-0.002529275572261694,-0.003302518806894819
id2304384773208610,byu @ boise-st,ml,away,,0.8288335259711523,0.8288335259711523,0.8236821851864462,False,False,False,False,-0.04623732784329804,-0.04718851220495657
id2304384773208610,byu @ boise-st,spread,home,2.5,0.5457242675653214,0.5457242675653214,0.5404897905319336,False,False,False,False,0.002683195130560756,0.0011070881460817361
id2304384773208610,byu @ boise-st,spread,away,-2.5,0.45427573243467856,0.45427573243467856,0.4472690192244485,False,False,False,False,-0.06168889108808995,-0.06380438805346167
id2304384773534496,oklahoma @ georgia-tech,ml,home,,0.6988495012613112,0.6988495012613112,0.6934691493296357,False,False,False,False,-0.05841621668227537,-0.05975002561218912
id2304384773534496,oklahoma @ georgia-tech,ml,away,,0.3011504987386888,0.3011504987386888,0.29592828183700337,False,False,False,False,-0.002189843923785212,-0.0034920597906645534
id2304384773534496,oklahoma @ georgia-tech,spread,home,-1.5,0.5543715947390782,0.5543715947390782,0.5488337533600407,False,False,False,False,-0.04693399358857109,-0.048552716487450964
id2304384773534496,oklahoma @ georgia-tech,spread,away,1.5,0.44562840526092196,0.44562840526092196,0.4400947873413611,False,False,False,False,-0.012406194928995251,-0.014025543821664987
id2304384773534508,north-carolina @ kentucky,ml,home,,0.9012448629359711,0.9012448629359711,0.8969777484136192,False,False,False,False,-0.030616691606523805,-0.03165144605570813
id2304384773534508,north-carolina @ kentucky,ml,away,,0.09875513706402894,0.09875513706402894,0.09523470457785188,False,False,False,False,-0.016096189549744788,-0.016970602540279475
id2304384773534508,north-carolina @ kentucky,spread,home,-2.5,0.5635875487248209,0.5635875487248209,0.556884094200989,False,False,False,False,-0.037145477626819745,-0.039137457671143294
id2304384773534508,north-carolina @ kentucky,spread,away,2.5,0.4364124512751793,0.4364124512751793,0.4302100785220413,False,False,False,False,-0.02466770918636696,-0.02651465823644933
id2304384773114318,pittsburgh @ tennessee,ml,away,,0.2067131349750898,0.21287977924996226,0.20788704432614344,False,False,False,False,-0.017690109145655997,-0.0173810124026387
id2304384773114318,pittsburgh @ tennessee,ml,home,,0.7932868650249102,0.7871202207500377,0.7816509755520576,False,False,False,False,-0.04267313871759182,-0.04570031356302584
id2304384773114318,pittsburgh @ tennessee,spread,away,-1.5,0.1244993414163516,0.12882710611918027,0.12493832533810255,False,False,False,False,-0.10030870096607711,-0.10008577509053776
id2304384773114318,pittsburgh @ tennessee,spread,home,1.5,0.8755006585836487,0.8711728938808201,0.8674723382377248,True,True,True,True,0.04119540047346648,0.03719988738032176
id2304384773534512,missouri @ louisville,spread,home,-2.5,0.6248220733246919,0.6185263916658009,0.6125192952599584,False,False,False,False,-0.05689767323815331,-0.06024465753311059
id2304384773534512,missouri @ louisville,spread,away,2.5,0.37517792667530836,0.38147360833419935,0.37657323800833886,False,False,False,False,-0.0041053207738225295,-0.0037246135997614505
id2304384773534514,miami-fl @ florida,ml,home,,0.772410028793082,0.772410028793082,0.7685327166982172,False,False,False,False,-0.023937221444271906,-0.025144017117942563
id2304384773534514,miami-fl @ florida,ml,away,,0.22758997120691804,0.22758997120691804,0.22414357616881814,False,False,False,False,-0.036313169792034805,-0.03739457778657029
id2304384773534514,miami-fl @ florida,spread,home,-1.5,0.6373945228066193,0.6373945228066193,0.6330429656308716,False,False,False,False,-0.006433271937302032,-0.0078014399414992885
id2304384773534514,miami-fl @ florida,spread,away,1.5,0.3626054771933808,0.3626054771933808,0.35923165997709283,False,False,False,False,-0.052572424020227104,-0.05363714156281896
id2304384773114390,texas-am @ stanford,ml,away,,0.38640703535430865,0.38640703535430865,0.3791688473585124,False,False,False,False,-0.11322383320111207,-0.11544734268531676
id2304384773114390,texas-am @ stanford,ml,home,,0.6135929646456914,0.6135929646456914,0.6065731928604555,True,True,True,True,0.05185562394557891,0.04971741607070196
id2304384773114390,texas-am @ stanford,spread,away,1.5,0.5339540712500206,0.5339540712500206,0.5268311585487021,False,False,False,False,-0.01727866764770536,-0.0194231851805462
id2304384773114390,texas-am @ stanford,spread,home,-1.5,0.46604592874997985,0.46604592874997985,0.4597029207663998,False,False,False,False,-0.05057196987506318,-0.05248532150128482
id2304384773534518,texas @ smu,ml,home,,0.48610819154545015,0.48610819154545015,0.47863731788634317,False,False,False,False,-0.00995908907360571,-0.012165679312793665
id2304384773534518,texas @ smu,ml,away,,0.5138918084545498,0.5138918084545498,0.5055725056385649,False,False,False,False,-0.05185409773958116,-0.05431212185598011
id2304384773534518,texas @ smu,spread,home,1.5,0.6287477417398105,0.6287477417398105,0.6218383144765247,False,False,False,False,-0.024065801874854853,-0.026167722791989756
id2304384773534518,texas @ smu,spread,away,-1.5,0.3712522582601897,0.3712522582601897,0.3632183594973065,False,False,False,False,-0.03800335044715181,-0.040462321225981146
id2304384773114270,baylor @ georgia-tech,ml,home,,0.6918432112130306,0.6918432112130306,0.6848409548843503,True,True,True,True,0.054520583731515915,0.052072481626046496
id2304384773114270,baylor @ georgia-tech,ml,away,,0.3081567887869694,0.3081567887869694,0.3010364621742897,False,False,False,False,-0.11633377054470273,-0.11885495606214991
id2304384773114270,baylor @ georgia-tech,spread,home,1.5,0.801023422337839,0.801023422337839,0.7955853405860098,True,True,True,True,0.035512227890743264,0.033275119699322064
id2304384773114270,baylor @ georgia-tech,spread,away,-1.5,0.1989765776621612,0.1989765776621612,0.19359168071337407,False,False,False,False,-0.09758138021274992,-0.0998344487840806
id2304384773209188,tcu @ south-fla,ml,home,,0.11214637461154137,0.11214637461154137,0.10893585696303361,False,False,False,False,-0.02886329685560475,-0.029849007136168726
id2304384773209188,tcu @ south-fla,ml,away,,0.8878536253884586,0.8878536253884586,0.8836234484345404,False,False,False,False,-0.02723585513395821,-0.028508591190474553
id2304384773209188,tcu @ south-fla,spread,home,2.5,0.459773919931849,0.459773919931849,0.4543399296120916,False,False,False,False,-0.06791483477585314,-0.06954286171447599
id2304384773209188,tcu @ south-fla,spread,away,-2.5,0.5402260800681513,0.5402260800681513,0.5330027666173991,False,False,False,False,0.006101647962666434,0.003943476311201344
id2304384773534526,cal-poly @ indiana,ml,home,,0.772360154469622,0.772360154469622,0.7668145744558692,False,False,False,False,-0.025786038463950667,-0.027484508714458844
id2304384773534526,cal-poly @ indiana,ml,away,,0.22763984553037797,0.22763984553037797,0.22247568352422822,False,False,False,False,-0.03375021444246798,-0.0353505842916407
id2304384773534526,cal-poly @ indiana,spread,home,-1.5,0.6373356596317359,0.6373356596317359,0.6312108961914045,False,False,False,False,-0.004173685558822027,-0.006105403992661129
id2304384773534526,cal-poly @ indiana,spread,away,1.5,0.36266434036826434,0.36266434036826434,0.3566860308573463,False,False,False,False,-0.05544736239361436,-0.057344131376420526
id2304384773534542,south-dakota-st @ kansas,ml,home,,0.9424986632237806,0.9424986632237806,0.9395036889977306,False,False,False,False,-0.019114484709566892,-0.020104019284062025
id2304384773534542,south-dakota-st @ kansas,ml,away,,0.05750133677621938,0.05750133677621938,0.055022328547993826,False,False,False,False,-0.02599307948196658,-0.026838273800661838
id2304384773534542,south-dakota-st @ kansas,spread,home,-2.5,0.6511129112435908,0.6511129112435908,0.64448398710243,False,False,False,False,0.008604995992345321,0.006450431297134074
id2304384773534542,south-dakota-st @ kansas,spread,away,2.5,0.3488870887564093,0.3488870887564093,0.34327494021715094,False,False,False,False,-0.0779932013434586,-0.07983055740710732
id2304384773534570,miami-fl @ minnesota,ml,home,,0.9111126451572896,0.9111126451572896,0.9081626373722039,False,False,False,False,-0.01178924250978619,-0.01294176288456883
id2304384773534570,miami-fl @ minnesota,ml,away,,0.08888735484271038,0.08888735484271038,0.08666732330423806,False,False,False,False,-0.045349374290451466,-0.046233277553895974
id2304384773534570,miami-fl @ minnesota,spread,home,-2.5,0.5820954335264847,0.5820954335264847,0.5771829468273755,True,True,True,True,0.02457373313683764,0.023077125375899732
id2304384773534570,miami-fl @ minnesota,spread,away,2.5,0.4179045664735156,0.4179045664735156,0.41380261133385443,False,False,False,False,-0.08664288545884424,-0.08789705246466817
id2304384773114732,oregon-st @ colorado,ml,home,,0.7521558396117007,0.7453144246220127,0.7416357474440599,False,False,False,False,-0.05499831023260049,-0.05744404244617152
id2304384773114732,oregon-st @ colorado,ml,away,,0.24784416038829926,0.2546855753779873,0.2517996778462566,False,False,False,False,-0.0047829971343083255,-0.0038585860410769723
id2304384773114732,oregon-st @ colorado,spread,home,-2.5,0.3682423089537997,0.3615179537936856,0.3574588564972099,False,False,False,False,-0.03539841788404963,-0.0386940526989456
id2304384773114732,oregon-st @ colorado,spread,away,2.5,0.6317576910462005,0.6384820462063145,0.6355308031106817,False,False,False,False,-0.023941770633516768,-0.02279214571228605
id2304384773534576,wisconsin @ texas-am,ml,home,,0.517312377622593,0.517312377622593,0.5091146398842525,False,False,False,False,-0.032783783364716323,-0.03524356278911289
id2304384773534576,wisconsin @ texas-am,ml,away,,0.48268762237740703,0.48268762237740703,0.474017426878589,False,False,False,False,-0.03660442198639702,-0.03920836120273846
id2304384773534576,wisconsin @ texas-am,spread,home,-1.5,0.3743708783939582,0.3743708783939582,0.36745322004454894,False,False,False,False,-0.016603709574459113,-0.018598261232977975
id2304384773534576,wisconsin @ texas-am,spread,away,1.5,0.6256291216060421,0.6256291216060421,0.6179268177623859,False,False,False,False,-0.04476449968107399,-0.04697456317997051
id2304384773534580,ucla @ byu,ml,home,,0.5177188487237707,0.5177188487237707,0.5130313214196832,False,False,False,False,-0.06840119314946502,-0.06974258874690642
id2304384773534580,ucla @ byu,ml,away,,0.4822811512762293,0.4822811512762293,0.4773170063118215,False,False,False,False,0.0062790334663299086,0.004859299725172406
id2304384773534580,ucla @ byu,spread,home,-1.5,0.374742065962889,0.374742065962889,0.36994955561121745,False,False,False,False,-0.05164861036133428,-0.05315089865976569
id2304384773534580,ucla @ byu,spread,away,1.5,0.6252579340371112,0.6252579340371112,0.6203141948980887,False,False,False,False,-0.00797243759110211,-0.009515539735712397
id2304384773534578,oregon @ arizona-st,ml,home,,0.7876935508788255,0.7876935508788255,0.7816030757759966,False,False,False,False,-0.041467575772662135,-0.0431006236050957
id2304384773534578,oregon @ arizona-st,ml,away,,0.21230644912117447,0.21230644912117447,0.20676787539981636,False,False,False,False,-0.01951208601493179,-0.021017196017800666
id2304384773534578,oregon @ arizona-st,spread,home,-2.5,0.4054425641707259,0.4054425641707259,0.3990928594006497,False,False,False,False,-0.02770063303712622,-0.029597004416851258
id2304384773534578,oregon @ arizona-st,spread,away,2.5,0.5945574358292742,0.5945574358292742,0.5884204587710293,False,False,False,False,-0.03436851928488038,-0.036195293918095395
id2304384773534582,arizona @ southern-california,ml,home,,0.8695375196998926,0.8695375196998926,0.8653501211257715,False,False,False,False,-0.03336011156710661,-0.03446322486047959
id2304384773534582,arizona @ southern-california,ml,away,,0.13046248030010743,0.13046248030010743,0.12679548107800404,False,False,False,False,-0.019936423238167994,-0.02091952375154535
id2304384773534582,arizona @ southern-california,spread,home,-2.5,0.5109592745998559,0.5109592745998559,0.5052985722552861,False,False,False,False,-0.031471096656178865,-0.03316973246130961
id2304384773534582,arizona @ southern-california,spread,away,2.5,0.4890407254001444,0.4890407254001444,0.4841090403910038,False,False,False,False,-0.038047619921360964,-0.039528107672979484
id2304384773114896,dayton @ tcu,ml,home,,0.915628885410076,0.915628885410076,0.912258054731311,False,False,False,False,-0.019466443842731218,-0.02062458523263422
id2304384773114896,dayton @ tcu,ml,away,,0.08437111458992397,0.08437111458992397,0.08140220528143913,False,False,False,False,-0.03383009096254336,-0.0348751340913636
id2304384773114896,dayton @ tcu,spread,home,-2.5,0.5909901181660003,0.5909901181660003,0.5848124999677928,False,False,False,False,0.01377088005508531,0.011859387865071458
id2304384773114896,dayton @ tcu,spread,away,2.5,0.40900988183399994,0.40900988183399994,0.4039635064673973,False,False,False,False,-0.0733919280075217,-0.0749601922160229
id2304384773114276,creighton @ louisville,ml,home,,0.878928029729001,0.8746093978629541,0.8706282940171367,False,False,False,False,-0.02003133646953137,-0.022825339472377637
id2304384773114276,creighton @ louisville,ml,away,,0.12107197027099903,0.1253906021370459,0.12185908862310482,False,False,False,False,-0.0397499708973775,-0.039480045101822014
id2304384773114276,creighton @ louisville,spread,home,-2.5,0.5256138219697329,0.5187877457924696,0.5131882100793038,False,False,False,False,0.007646544408822065,0.003983451949399808
id2304384773114276,creighton @ louisville,spread,away,2.5,0.4743861780302673,0.48121225420753067,0.47636775898113565,False,False,False,False,-0.06971569673082867,-0.06913051335125997
id2304384773114326,smu @ kentucky,ml,away,,0.7678756480966575,0.7678756480966575,0.7594247559401635,False,False,False,False,-0.03334592408456227,-0.03579437045281397
id2304384773114326,smu @ kentucky,ml,home,,0.23212435190334246,0.23212435190334246,0.22487503619986116,False,False,False,False,-0.026370675105720998,-0.02850538796542232
id2304384773114326,smu @ kentucky,spread,away,1.5,0.8574971822152638,0.8574971822152638,0.8515069405205933,True,True,True,True,0.06012000207481116,0.05709168177097701
id2304384773114326,smu @ kentucky,spread,home,-1.5,0.14250281778473647,0.14250281778473647,0.13698603983325539,False,False,False,False,-0.1194601905923775,-0.12232807555783376
id2304384773115398,uc-davis @ oregon,ml,away,,0.610633462832829,0.6188847211476299,0.6129255232808941,False,False,False,False,-0.0010623350548895072,-0.0003418993954846794
id2304384773115398,uc-davis @ oregon,ml,home,,0.38936653716717096,0.38111527885237007,0.37583091021562703,False,False,False,False,-0.06845638152265038,-0.07273224642704829
id2304384773115398,uc-davis @ oregon,spread,away,1.5,0.7364801495876332,0.7432380127446472,0.7383406350961478,True,True,True,True,0.0922593239774478,0.09297442059627531
id2304384773115398,uc-davis @ oregon,spread,home,-1.5,0.26351985041236714,0.256761987255353,0.25212467090289375,False,False,False,False,-0.15275979911206905,-0.157195346648501
id2304384773534610,san-diego @ arizona-st,ml,home,,0.8817022309699063,0.8817022309699063,0.8778621703070697,False,False,False,False,-0.0200483738123437,-0.02134481755258999
id2304384773534610,san-diego @ arizona-st,ml,away,,0.1182977690300937,0.1182977690300937,0.11483819633662622,False,False,False,False,-0.03800275577685425,-0.0391932385839778
id2304384773534610,san-diego @ arizona-st,spread,home,-2.5,0.5300804892004147,0.5300804892004147,0.5244267595682328,False,False,False,False,0.008967186709890773,0.007295941471969158
id2304384773534610,san-diego @ arizona-st,spread,away,2.5,0.4699195107995853,0.4699195107995853,0.46503972447408337,False,False,False,False,-0.07103633903189743,-0.0724818284391443
id2304384773534612,colorado @ southern-california,ml,home,,0.8421767745260225,0.8421767745260225,0.8379511866298396,False,False,False,False,-0.01986675407290872,-0.021269337494556728
id2304384773534612,colorado @ southern-california,ml,away,,0.15782322547397754,0.15782322547397754,0.15406759224989797,False,False,False,False,-0.04128164264595774,-0.0425467965175709
id2304384773534612,colorado @ southern-california,spread,home,-1.5,0.7240169260983167,0.7240169260983167,0.7194547834114327,False,False,False,False,-0.002607870192796069,-0.004129874814673418
id2304384773534612,colorado @ southern-california,spread,away,1.5,0.2759830739016835,0.2759830739016835,0.2716042961120604,False,False,False,False,-0.057759583875445275,-0.05923188125786605
id2304384773534670,creighton @ nebraska,spread,home,-2.5,0.7782568849399213,0.7782568849399213,0.7721459650476292,False,False,False,False,-0.02874574063127744,-0.030584925770032245
id2304384773534670,creighton @ nebraska,spread,away,2.5,0.2217431150600789,0.2217431150600789,0.21658829863677279,False,False,False,False,-0.031523036679300426,-0.03309436629648918
id2304384773534672,utep @ tcu,ml,home,,0.9245722354629627,0.9245722354629627,0.9210635451875827,False,False,False,False,-0.02440066650174566,-0.025474403165462345
id2304384773534672,utep @ tcu,ml,away,,0.07542776453703726,0.07542776453703726,0.07251346204101712,False,False,False,False,-0.026936285148904227,-0.027852873623100557
id2304384773534672,utep @ tcu,spread,home,-2.5,0.6095063264703782,0.6095063264703782,0.6029841321526105,False,False,False,False,-0.02510108214552209,-0.027071361229700552
id2304384773534672,utep @ tcu,spread,away,2.5,0.39049367352962194,0.39049367352962194,0.3848837293818843,False,False,False,False,-0.033901251893450945,-0.03560283037925033
id2304384773114416,arizona-st @ stanford,ml,home,,0.4912781061700368,0.4826626890533552,0.47690646387507124,False,False,False,False,-0.0024478264441851194,-0.0066561549446747525
id2304384773114416,arizona-st @ stanford,ml,away,,0.5087218938299631,0.5173373109466448,0.5112051353311661,False,False,False,False,-0.05962132587782154,-0.05889385953647397
id2304384773114416,arizona-st @ stanford,spread,home,1.5,0.6334443014181665,0.6256063562676586,0.6203408075796762,False,False,False,False,-0.015991983556169154,-0.020034589860842056
id2304384773114416,arizona-st @ stanford,spread,away,-1.5,0.3665556985818337,0.37439364373234163,0.368476216038509,False,False,False,False,-0.04582120325701755,-0.04522588170687286
id2304384773534692,colorado-st @ colorado,ml,home,,0.6391185879730985,0.6391185879730985,0.634932507845178,False,False,False,False,0.004718313111765071,0.003373863968959112
id2304384773534692,colorado-st @ colorado,ml,away,,0.3608814120269015,0.3608814120269015,0.35682728599904473,False,False,False,False,-0.07410651846287836,-0.07541436862337131
id2304384773534692,colorado-st @ colorado,spread,home,1.5,0.7596170515812084,0.7596170515812084,0.7563333201431396,False,False,False,False,-0.008905751028674302,-0.010005622842426676
id2304384773534692,colorado-st @ colorado,spread,away,-1.5,0.24038294841879185,0.24038294841879185,0.23686014481745354,False,False,False,False,-0.05209896046860274,-0.05328755283828074
id2304384773534708,south-fla @ penn-st,ml,home,,0.9150127461041951,0.9150127461041951,0.9116299338388074,False,False,False,False,-0.02720110942084275,-0.028073495769727508
id2304384773534708,south-fla @ penn-st,ml,away,,0.08498725389580486,0.08498725389580486,0.08200765361690543,False,False,False,False,-0.017906454770690777,-0.018693076274487214
id2304384773534708,south-fla @ penn-st,spread,home,-2.5,0.5897596765291262,0.5897596765291262,0.5835642332380092,False,False,False,False,-0.0439762220607639,-0.045778755198085275
id2304384773534708,south-fla @ penn-st,spread,away,2.5,0.41024032347087397,0.41024032347087397,0.405190084739946,False,False,False,False,-0.01639123200747744,-0.017864169906950222
id2304384773534714,florida @ florida-st,ml,home,,0.16310001806608374,0.16310001806608374,0.15934753565258775,False,False,False,False,-0.032546066350097796,-0.03370346175957106
id2304384773534714,florida @ florida-st,ml,away,,0.8368999819339162,0.8368999819339162,0.8319996089393131,False,False,False,False,-0.028780376371693728,-0.030269347927329382
id2304384773534714,florida @ florida-st,spread,home,2.5,0.5352518973973053,0.5352518973973053,0.5301401239093138,False,False,False,False,-0.03534203753524767,-0.03686837009809929
id2304384773534714,florida @ florida-st,spread,away,-2.5,0.464748102602695,0.464748102602695,0.4577677050720675,False,False,False,False,-0.024279010417188607,-0.026365467668467202
id2304384773534716,ole-miss @ kansas,ml,home,,0.9396442553787808,0.9396442553787808,0.9362442886734273,False,False,False,False,-0.0160889329323729,-0.017397948072647273
id2304384773534716,ole-miss @ kansas,ml,away,,0.060355744621219176,0.060355744621219176,0.05757450553983974,False,False,False,False,-0.03701182093325196,-0.0381197412259886
id2304384773534716,ole-miss @ kansas,spread,home,-2.5,0.6440094730556765,0.6440094730556765,0.6368077965697707,False,False,False,False,-0.05162860715106676,-0.05361413618001831
id2304384773534716,ole-miss @ kansas,spread,away,2.5,0.35599052694432387,0.35599052694432387,0.3493866788937461,False,False,False,False,-0.009374386860909079,-0.011204408610038075
id2304384773209186,kansas-st @ creighton,ml,home,,0.6687348399276885,0.6687348399276885,0.664857134010346,False,False,False,False,-0.025653525423819712,-0.02682671792986646
id2304384773209186,kansas-st @ creighton,ml,away,,0.33126516007231155,0.33126516007231155,0.3278498877353095,False,False,False,False,-0.03200206831424812,-0.033039445196223094
id2304384773209186,kansas-st @ creighton,spread,home,-1.5,0.5223084223738378,0.5223084223738378,0.518466699072598,False,False,False,False,-0.033686869790499174,-0.03483921780847632
id2304384773209186,kansas-st @ creighton,spread,away,1.5,0.47769157762616254,0.47769157762616254,0.4742310400445935,False,False,False,False,-0.03416376773226931,-0.03520225181658504
id2304384773534726,north-carolina @ nebraska,spread,home,-2.5,0.8686199796041315,0.8686199796041315,0.8636389904959224,False,False,False,False,-0.015763771311342545,-0.017525683114539725
id2304384773534726,north-carolina @ nebraska,spread,away,2.5,0.13138002039586855,0.13138002039586855,0.127521726711084,False,False,False,False,-0.04581188284110338,-0.04720511677617395
id2304384773534764,tennessee @ penn-st,ml,home,,0.4322569523166746,0.4322569523166746,0.4283366934169465,False,False,False,False,0.009489468365379672,0.008426227266494557
id2304384773534764,tennessee @ penn-st,ml,away,,0.5677430476833254,0.5677430476833254,0.5632985201067142,False,False,False,False,-0.06898978928201271,-0.07019451435315915
id2304384773534764,tennessee @ penn-st,spread,home,1.5,0.578578848887874,0.578578848887874,0.5748989321923772,False,False,False,False,0.009939252689619982,0.008809582854085118
id2304384773534764,tennessee @ penn-st,spread,away,-1.5,0.4214211511121262,0.4214211511121262,0.4172294968459413,False,False,False,False,-0.06956030064205632,-0.07085051372567863
id2304384773534770,louisville @ kentucky,ml,home,,0.5991622337356532,0.5991622337356532,0.5931916482268933,False,False,False,False,-0.023525193869971095,-0.025335188962935185
id2304384773534770,louisville @ kentucky,ml,away,,0.40083776626434675,0.40083776626434675,0.3948376577854513,False,False,False,False,-0.03744839894109908,-0.03927409350945399
id2304384773534770,louisville @ kentucky,spread,home,-1.5,0.451800700756022,0.451800700756022,0.44597919290457205,False,False,False,False,-0.008667464171708272,-0.010359860710385305
id2304384773534770,louisville @ kentucky,spread,away,1.5,0.5481992992439781,0.5481992992439781,0.5421664607474773,False,False,False,False,-0.05223731549472732,-0.053989639767410225
id2304384773534796,ucla @ indiana,ml,home,,0.656748536869912,0.656748536869912,0.6513418062887483,False,False,False,False,-0.033157912519815036,-0.034759823282228375
id2304384773534796,ucla @ indiana,ml,away,,0.34325146313008803,0.34325146313008803,0.3379398283842796,False,False,False,False,-0.027342562614806165,-0.02892437117954666
id2304384773534796,ucla @ indiana,spread,home,-1.5,0.5098197522909828,0.5098197522909828,0.5043738589439088,False,False,False,False,-0.019901707218190512,-0.021533013632021036
id2304384773534796,ucla @ indiana,spread,away,1.5,0.49018024770901736,0.49018024770901736,0.4849027187274877,False,False,False,False,-0.04538941771114813,-0.04697135900991034
id2304384773534798,maryland @ purdue,ml,home,,0.9179693625335881,0.9179693625335881,0.9146887909480506,False,False,False,False,-0.009010100701602464,-0.010358080840214834
id2304384773534798,maryland @ purdue,ml,away,,0.08203063746641193,0.08203063746641193,0.07911432588026775,False,False,False,False,-0.048128516098635096,-0.04935708319105375
id2304384773534798,maryland @ purdue,spread,home,-2.5,0.5957150013739165,0.5957150013739165,0.5897081009463669,True,True,True,True,0.02297573179884954,0.021116891939866766
id2304384773534798,maryland @ purdue,spread,away,2.5,0.4042849986260836,0.4042849986260836,0.39928086839390003,False,False,False,False,-0.0847889186120363,-0.08634487109653832
id2304384773534792,southern-california @ northwestern,ml,home,,0.22831448461361276,0.22831448461361276,0.22273648289547063,False,False,False,False,-0.08591776589438066,-0.0880632637129864
id2304384773534792,southern-california @ northwestern,ml,away,,0.7716855153863873,0.7716855153863873,0.765255240432834,True,True,True,True,0.023848613572374,0.021412630179469594
id2304384773534792,southern-california @ northwestern,spread,home,1.5,0.36346019027975984,0.36346019027975984,0.35717952584006857,False,False,False,False,-0.0977131256024798,-0.09975458889990207
id2304384773534792,southern-california @ northwestern,spread,away,-1.5,0.6365398097202404,0.6365398097202404,0.628838421279458,True,True,True,True,0.03589993878929315,0.03341797484697562
id2304384773534800,minnesota @ illinois,ml,home,,0.2968839539084279,0.2968839539084279,0.29290169942082517,False,False,False,False,-0.10239357760641776,-0.1038109498555847
id2304384773534800,minnesota @ illinois,ml,away,,0.7031160460915721,0.7031160460915721,0.6978939206334602,True,True,True,True,0.03300537225530442,0.031161845671436872
id2304384773534800,minnesota @ illinois,spread,home,-1.5,0.19036131895979183,0.19036131895979183,0.18672553470542547,False,False,False,False,-0.07647243426239009,-0.07790957035490997
id2304384773534800,minnesota @ illinois,spread,away,1.5,0.8096386810402083,0.8096386810402083,0.8055490278009051,False,False,False,False,0.01510422500685693,0.013507300946673406
id2304384773534802,oregon @ wisconsin,ml,home,,0.8682710074531561,0.8682710074531561,0.8629332424842141,True,True,True,True,0.03758990283169328,0.03501277089729715
id2304384773534802,oregon @ wisconsin,ml,away,,0.1317289925468439,0.1317289925468439,0.127021883491021,False,False,False,False,-0.09670320332430402,-0.09903491595425323
id2304384773534802,oregon @ wisconsin,spread,home,-1.5,0.7590834246872877,0.7590834246872877,0.752099262574762,True,True,True,True,0.05047489177950126,0.04771810446688085
id2304384773534802,oregon @ wisconsin,spread,away,1.5,0.2409165753127124,0.2409165753127124,0.23430987986638205,False,False,False,False,-0.11999360835704109,-0.12264702233283814
id2304384773534816,tcu @ cincinnati,ml,home,,0.4148713879479383,0.4148713879479383,0.4098163099504531,False,False,False,False,-0.007515031310716347,-0.008960697936606754
id2304384773534816,tcu @ cincinnati,ml,away,,0.5851286120520617,0.5851286120520617,0.57942363085928,False,False,False,False,-0.05014056242735154,-0.05176892703289493
id2304384773534816,tcu @ cincinnati,spread,home,1.5,0.5618741054565286,0.5618741054565286,0.5569462698814863,False,False,False,False,-0.023869877921746774,-0.025359486781147633
id2304384773534816,tcu @ cincinnati,spread,away,-1.5,0.4381258945434716,0.4381258945434716,0.4325999122168607,False,False,False,False,-0.0414212470075917,-0.04309519128590816
id2304384773534820,north-carolina @ north-carolina-st,ml,home,,0.5888189412798779,0.5888189412798779,0.5845833659580331,False,False,False,False,-0.004489688786998514,-0.00579793054159905
id2304384773534820,north-carolina @ north-carolina-st,ml,away,,0.4111810587201221,0.4111810587201221,0.4069838479890428,False,False,False,False,-0.06489851656411483,-0.06619866213902054
id2304384773534820,north-carolina @ north-carolina-st,spread,home,1.5,0.718392477182851,0.718392477182851,0.7149301254999298,False,False,False,False,-0.01011793717281495,-0.01123722820490991
id2304384773534820,north-carolina @ north-carolina-st,spread,away,-1.5,0.28160752281714924,0.28160752281714924,0.2776784063450591,False,False,False,False,-0.04753765656525283,-0.048815542747020935
id2304384773534824,penn-st @ michigan,ml,home,,0.6398171605601635,0.6398171605601635,0.6359791612864296,False,False,False,False,-0.025145306204584106,-0.02631108715032593
id2304384773534824,penn-st @ michigan,ml,away,,0.36018283943983653,0.36018283943983653,0.3566649488980014,False,False,False,False,-0.0357594734618516,-0.03683148748164128
id2304384773534824,penn-st @ michigan,spread,home,-1.5,0.492429263248763,0.492429263248763,0.4886070929481485,False,False,False,False,-0.013249981630039986,-0.014387117004036887
id2304384773534824,penn-st @ michigan,spread,away,1.5,0.5075707367512372,0.5075707367512372,0.5040510572365575,False,False,False,False,-0.04575571432748915,-0.0468030439808772
id2304384773534826,texas @ tennessee,ml,home,,0.5000081162984742,0.5000081162984742,0.4937364230974038,False,False,False,False,-0.09608134632427301,-0.09772370157733867
id2304384773534826,texas @ tennessee,ml,away,,0.4999918837015258,0.4999918837015258,0.49341904325481883,True,True,True,True,0.03517326216037503,0.03345678269409452
id2304384773534826,texas @ tennessee,spread,home,-1.5,0.35868562924122216,0.35868562924122216,0.35271488873430623,False,False,False,False,-0.09147751253754521,-0.09343150776094394
id2304384773534826,texas @ tennessee,spread,away,1.5,0.6413143707587782,0.6413143707587782,0.6351144419685072,True,True,True,True,0.03247181658001619,0.03045793082518683
id2304384773534838,stanford @ smu,ml,home,,0.7016688126511236,0.7016688126511236,0.6928030618005636,False,False,False,False,-0.0602936248766992,-0.06243796532558066
id2304384773534838,stanford @ smu,ml,away,,0.2983311873488764,0.2983311873488764,0.2891737493377368,False,False,False,False,-0.0009795360112112017,-0.003216803479176189
id2304384773534838,stanford @ smu,spread,home,-1.5,0.557425933212572,0.557425933212572,0.5486280439226097,False,False,False,False,-0.05766343258643214,-0.06016955957706849
id2304384773534838,stanford @ smu,spread,away,1.5,0.44257406678742833,0.44257406678742833,0.43309466189311474,False,False,False,False,-0.0022889146348957223,-0.004993212158580618
id2304384773534842,baylor @ byu,ml,home,,0.8078794669406026,0.8078794669406026,0.8010612475211455,False,False,False,False,-0.014358007380296911,-0.016634493628186253
id2304384773534842,baylor @ byu,ml,away,,0.19212053305939736,0.19212053305939736,0.18573153973122963,False,False,False,False,-0.04517824552612157,-0.047352693715783906
id2304384773534842,baylor @ byu,spread,home,-1.5,0.6802946110793937,0.6802946110793937,0.6725674643775212,False,False,False,False,-0.0010981588081566684,-0.00361075854603099
id2304384773534842,baylor @ byu,spread,away,1.5,0.3197053889206066,0.3197053889206066,0.3117919054636802,False,False,False,False,-0.060715028005030036,-0.0633153987118884
