time_et,away,home,site,venue,mode,away_ml,home_ml,home_ml_prob,home_ml_fair,home_minus_1_5_prob,home_minus_1_5_fair,home_minus_2_5_prob,home_minus_2_5_fair,away_minus_1_5_prob,away_minus_1_5_fair,away_minus_2_5_prob,away_minus_2_5_fair,under_3_5_sets_prob,under_3_5_sets_fair,under_4_5_sets_prob,under_4_5_sets_fair,exactly_5_sets_prob,exactly_5_sets_fair
4:00 PM,morgan-st,nc-central,true home,"McDougald-McLendon Arena, Durham, NC",Home court,188,-188,0.6528908429977532,-188,0.5058320184434011,-102,0.28149010438285177,255,0.22939010958636707,336,0.10442027341646241,858,0.3859103777993142,159,0.7352221280297683,-278,0.2647778719702321,278
5:00 PM,butler,seton-hall,true home,"Walsh Gymnasium, South Orange, NJ",Home court,-499,499,0.16691796815840793,499,0.09722637966172307,929,0.03867876220769508,2485,0.7121817748352424,-247,0.45974986161305154,118,0.4984286238207466,101,0.8094081544969653,-425,0.19059184550303476,425
5:00 PM,dayton,fordham,true home,"Rose Hill Gym, Bronx, NY",Home court,-1375,1375,0.06780610419509525,1375,0.034902815770489565,2765,0.0124269390569209,7947,0.8544510587548566,-587,0.6263730436048806,-168,0.6387999826618015,-177,0.8893538745253462,-804,0.11064612547465419,804
5:00 PM,albany-ny,njit,true home,"NJIT's Wellness & Events Center, Newark, NJ",Home court,-638,638,0.13548684198360156,638,0.07652966944376623,1207,0.029557255438304297,3283,0.7539237296633088,-306,0.5033934297038534,-101,0.5329506851421577,-114,0.830453399107075,-490,0.1695466008929254,490
5:30 PM,spring-hill,fort-valley-st,neutral (3rd site),"Beacom/Lewis Gym, Wilberforce, OH",True toss-up (symmetrized),-128,128,0.4382030308655145,128,0.30707034829034874,226,0.15048018224466075,565,0.41886384908407875,139,0.22220317549560642,350,0.3726833577402672,168,0.7259341973744275,-265,0.2740658026255727,265
6:00 PM,samford,western-caro,venue ?,,Home court,-379,379,0.20893067967479906,379,0.12605254885507303,693,0.051954500591663975,1825,0.6596962772516701,-194,0.4091947793090995,144,0.46114927990076343,117,0.7857488261067431,-367,0.21425117389325715,367
6:00 PM,iu-indy,youngstown-st,true home,"Beeghly Center, Youngstown, OH",Home court,-110,110,0.4751697394044,110,0.3365627313077829,197,0.16645828697916135,501,0.3812568234891903,162,0.1946841435938911,414,0.36114243057305245,177,0.7178195547969732,-254,0.28218044520302704,254
6:00 PM,coppin-st,south-carolina-st,venue ?,,Home court,-2922,2922,0.03308895476740989,2922,0.015598103349261632,6311,0.005202607616805749,19121,0.9160487685598308,-1091,0.7230144287385567,-261,0.7282170363553625,-268,0.9316468719090925,-1363,0.06835312809090788,1363
6:00 PM,kennesaw-st,fiu,true home,"Ocean Bank Convocation Center, Miami, FL",Home court,372,-372,0.7879755126201176,-372,0.6559589879598517,-191,0.4057543977291139,146,0.12822526982565152,680,0.05298062427919402,1787,0.45873502200830796,118,0.7841842577855034,-363,0.2158157422144968,363
6:00 PM,wright-st,oakland,true home,"OU Credit Union O'rena, Rochester, MI",Home court,-369,369,0.21343985229474383,369,0.12922148491582341,674,0.053452274938433506,1771,0.654254604413026,-189,0.40419194328993413,147,0.45764421822836765,119,0.7834760893288494,-362,0.2165239106711508,362
6:00 PM,col-of-charleston,nc-at,venue ?,,Home court,-445,445,0.1834071168759917,445,0.10838697128590408,823,0.04374271324858958,2186,0.6911759347067902,-224,0.43899095454068604,128,0.4827336677892756,107,0.7995629059926942,-399,0.20043709400730586,399
6:00 PM,umes,norfolk-st,venue ?,,Home court,120,-120,0.5460849353804953,-120,0.40096460566920816,149,0.20759487033450097,382,0.31798844904298085,214,0.1551450232980923,545,0.3627398936325933,176,0.718953054712189,-256,0.28104694528781127,256
6:00 PM,cornell,penn,true home,"The Palestra, Philadelphia, PA",Home court,114,-114,0.5330767640046082,-114,0.38886075052404523,157,0.19963111126217922,401,0.3293176346207804,204,0.16201679487629803,517,0.36164790613847725,177,0.7181783851448256,-255,0.2818216148551746,255
6:00 PM,central-conn-st,new-haven,neutral (3rd site),"The Hazell Center, West Haven, CT",True toss-up (symmetrized),142,-142,0.5869989732402789,-142,0.4433457374224243,126,0.23936501846490932,318,0.28579965280559394,250,0.1379589253684353,625,0.3773239438333446,165,0.7291453902280183,-269,0.2708546097719821,269
6:00 PM,old-dominion,ga-southern,true home,"Hanner Fieldhouse, Statesboro, GA",Home court,5494,-5494,0.9821237913820703,-5494,0.9478346093378929,-1817,0.7860345502088758,-367,0.007832575221725974,12667,0.0024963496177429433,39958,0.7885308998266187,-373,0.955667184559619,-2156,0.04433281544038137,2156
6:00 PM,chattanooga,furman,true home,"Timmons Arena, Greenville, SC",Home court,480,-480,0.8276687785267984,-480,0.7052235221318182,-239,0.45279068155843594,121,0.10086799479490605,891,0.040320256089340596,2380,0.4931109376477765,103,0.8060915169267241,-416,0.19390848307327602,416
6:00 PM,james-madison,georgia-st,venue ?,,Home court,-521,521,0.16113094014480667,521,0.09335783581961932,971,0.036946682257875146,2607,0.7196910187589844,-257,0.4673559955194292,114,0.5043026777773043,-102,0.8130488545786038,-435,0.1869511454213964,435
6:00 PM,army,bucknell,venue ?,,Home court,-374,374,0.21079839146895915,374,0.12736340478290947,685,0.05257316967908368,1802,0.6574381667275399,-192,0.40711370463880364,146,0.45968687431788735,118,0.7848015715104493,-365,0.21519842848955087,365
6:00 PM,columbia,princeton,venue ?,,Home court,1203,-1203,0.9232797333899181,-1203,0.8400759401104947,-525,0.6067503336688244,-154,0.04012036083051047,2393,0.014470896713586558,6810,0.621221230382411,-164,0.8801963009410052,-735,0.11980369905899502,735
6:00 PM,high-point,usc-upstate,true home,"G.B. Hodge Center, Spartanburg, SC",Home court,-572,572,0.1488107072412354,572,0.08520794356503678,1074,0.033337982339496836,2900,0.7359339349523846,-279,0.484165629402633,107,0.5175036117421299,-107,0.8211418785174215,-459,0.17885812148257896,459
6:00 PM,stonehill,chicago-st,venue ?,,Home court,-620,620,0.13881977009519936,620,0.07868701563323925,1171,0.03049100439785517,3180,0.7493799394732459,-299,0.4984733049391473,101,0.5289643093370024,-112,0.8280669551064852,-482,0.17193304489351513,482
6:00 PM,tennessee-tech,citadel,true home,"McAlister Field House, Charleston, SC",Home court,-1145,1145,0.08034325533513095,1145,0.04226671729157442,2266,0.015321379782447426,6427,0.8343566179214449,-504,0.5991728989566916,-149,0.614494278739139,-159,0.8766233352130193,-711,0.12337666478698084,711
6:00 PM,niagara,st-peters,true home,"Yanitelli Center, Jersey City, NJ",Home court,125,-125,0.5562012841457081,-125,0.4104717803258493,144,0.21392802910772535,367,0.3092609410517251,223,0.149911905858392,567,0.36383993496611733,175,0.7197327213775744,-257,0.28026727862242584,257
6:00 PM,north-texas,east-carolina,true home,"Williams Arena at Minges, Greenville, NC",Home court,133,-133,0.5705573048750758,-133,0.42410779771412566,136,0.2231332993517056,348,0.29699905543617466,237,0.1426478935796753,601,0.3657811929313809,173,0.7211068531503004,-259,0.2788931468496998,259
6:00 PM,providence,villanova,venue ?,,Home court,349,-349,0.7773453134078222,-349,0.6432385606495136,-180,0.39418989056143633,154,0.13574147413046916,637,0.0565570324193236,1668,0.4507469229807599,122,0.7789800347799828,-352,0.2210199652200176,352
6:00 PM,smu,syracuse,venue ?,,Home court,-33103,33103,0.003011736492110678,33103,0.001055972373976096,94599,0.0003058626660854565,326844,0.9870480388095647,-7621,0.8986214483516438,-886,0.8989273110177293,-889,0.9881040111835409,-8306,0.011895988816459462,8306
6:00 PM,unc-greensboro,wofford,true home,"Jerry Richardson Indoor Stadium, Spartanburg, SC",Home court,488,-488,0.8300562288571116,-488,0.7082846656719755,-243,0.4558418831621324,119,0.09925918978044371,907,0.03959376353847384,2426,0.49543564670060625,102,0.8075438554524192,-420,0.19245614454758098,420
6:00 PM,northern-ky,cleveland-st,true home,"Woodling Gym, Cleveland, OH",Home court,-1105,1105,0.08299634330089783,1105,0.04384756154828648,2181,0.01595124242923006,6169,0.8302101900020984,-489,0.593755577327962,-146,0.6097068197571921,-156,0.8740577515503849,-694,0.12594224844961538,694
6:00 PM,northeastern,unc-wilmington,venue ?,,Home court,-203,203,0.33033082921357226,203,0.21616723962556483,363,0.09730153382924774,928,0.5232882612780425,-110,0.29471513003482014,239,0.39201666386406786,155,0.7394555009036075,-284,0.26054449909639277,284
6:00 PM,eastern-mich,western-mich,true home,"University Arena, Kalamazoo, MI",Home court,382,-382,0.7926671146765356,-382,0.6616327623614566,-196,0.4109852208498543,143,0.12493307744942957,700,0.051427162584793684,1844,0.46241238343464797,116,0.7865658398108862,-369,0.21343416018911404,369
6:00 PM,campbell,hofstra,venue ?,,Home court,398,-398,0.7991365366159904,-398,0.669518713081275,-203,0.41833236190369844,139,0.12041876492200819,730,0.04931010315979656,1928,0.467642465063495,114,0.7899374780032833,-376,0.21006252199671693,376
6:00 PM,dartmouth,brown,true home,"Pizzitola Sports Center, Providence, RI",Home court,214,-214,0.6817912039074234,-214,0.5360859837691491,-116,0.30459457170609144,228,0.20672939691002523,384,0.09229208103732489,984,0.39688665274341633,152,0.7428153806791743,-289,0.257184619320826,289
6:00 PM,radford,unc-asheville,venue ?,,Home court,155,-155,0.6076466927359552,-155,0.4601531900625404,117,0.2481790347317966,303,0.2659773294565788,276,0.12472641892613974,702,0.3729054536579363,168,0.7261305195191191,-265,0.2738694804808811,265
6:00 PM,stony-brook,elon,true home,"Schar Center, Elon, NC",Home court,-193,193,0.34164671003940983,193,0.2250648046834859,344,0.10207881732756992,880,0.5114830950270476,-105,0.2857403432640209,250,0.38781916059159083,158,0.7365478997105335,-280,0.2634521002894667,280
6:00 PM,presbyterian,gardner-webb,true home,"Paul Porter Arena, Boiling Springs, NC",Home court,271,-271,0.7302793776539978,-271,0.5889668039100607,-143,0.34718142527559237,188,0.1699464788782585,488,0.07334180774527121,1263,0.4205232330208636,138,0.7589132827883193,-315,0.24108671721168107,315
6:00 PM,ipfw,robert-morris,true home,"UPMC Events Center, Carnot-Moon, PA",Home court,132,-132,0.5696513314276279,-132,0.4232421785893917,136,0.2225446343701614,349,0.2977686302765636,236,0.1431007721063493,599,0.36564540647651067,173,0.7210108088659553,-258,0.27898919113404486,258
6:00 PM,rice,south-fla,venue ?,,Home court,101,-101,0.5036026750044325,-101,0.3619252018315108,176,0.18229888481458156,449,0.35544118958436516,181,0.1782054903732532,461,0.36050437518783474,177,0.7173663914158759,-254,0.28263360858412423,254
6:00 PM,harvard,yale,venue ?,,Home court,390,-390,0.7959049504713358,-390,0.6655704122150468,-199,0.4146425223962754,141,0.12267004459531042,715,0.050363978390971516,1886,0.4650065007872469,115,0.7882404568103571,-372,0.21175954318964296,372
6:00 PM,george-washington,vcu,venue ?,,Home court,169,-169,0.6282433204875508,-169,0.48070444875108737,108,0.26294071066450714,280,0.24915239844785375,301,0.11527732303994953,767,0.37821803370445667,164,0.7298568471989412,-270,0.270143152801059,270
6:00 PM,north-carolina-st,florida-st,true home,"Tully Gymnasium, Tallahassee, FL",Home court,107,-107,0.5176256488390751,-107,0.3746569450148063,167,0.19042505223510248,425,0.3429329002377143,192,0.17039390413811337,487,0.3608189563732158,177,0.7175898452525205,-254,0.2824101547474795,254
6:00 PM,west-florida,stetson,venue ?,,Home court,-2738,2738,0.03523416207288769,2738,0.0167347863058602,5876,0.005610436925851682,17724,0.911888152122051,-1035,0.7156343846969715,-252,0.7212448216228232,-259,0.9286229384279112,-1301,0.07137706157208885,1301
6:00 PM,mercer,east-tenn-st,venue ?,,Home court,298,-298,0.7489723827981776,-298,0.610144047629919,-157,0.3650971329001057,174,0.1561824971539397,540,0.06648879295611969,1404,0.4315859258562254,132,0.7663265447838588,-328,0.2336734552161414,328
6:00 PM,charleston-so,winthrop,true home,"Winthrop Coliseum, Rock Hill, SC",Home court,392,-392,0.7965540673929854,-392,0.6663620195539306,-200,0.4153804817369303,141,0.12221724500464315,718,0.05015170845896879,1894,0.4655321901958991,115,0.7885792645585737,-373,0.21142073544142645,373
6:00 PM,canisius,rider,true home,"Alumni Gymnasium, Lawrence Township, NJ",Home court,-114,114,0.46793710811479144,114,0.3302057391390538,203,0.1625592567711175,515,0.3879230036696758,158,0.19901870668708085,402,0.36157796345819837,177,0.7181287428087296,-255,0.28187125719127054,255
6:00 PM,le-moyne,long-island,true home,"Steinberg Wellness Center, Brooklyn, NY",Home court,51046,-51046,0.9980448216521326,-51046,0.9908037457804149,-10774,0.9154216860906568,-1082,0.0006451507507434932,154903,0.00018365188545351436,544408,0.9156053379761103,-1085,0.9914488965311584,-11594,0.008551103468841876,11594
6:00 PM,coastal-caro,appalachian-st,true home,"Holmes Convocation Center, Boone, NC",Home court,313,-313,0.7578016979867601,-313,0.620314988704853,-163,0.3738913181417892,167,0.14976287927921897,568,0.06333772369522649,1479,0.4372290418370157,129,0.770077867984072,-335,0.22992213201592826,335
6:00 PM,loyola-maryland,navy,venue ?,,Home court,274,-274,0.7324676011998501,-274,0.5914216654363692,-145,0.3492316557665266,186,0.16832319402722148,494,0.07252675696954719,1279,0.4217584127360738,137,0.7597448594635907,-316,0.2402551405364095,316
6:00 PM,temple,fla-atlantic,true home,"Abessinio Court at Eleanor R. Baldwin Arena, Boca Raton, FL",Home court,460,-460,0.8214118720492978,-460,0.6972573452018151,-230,0.44492494044921743,125,0.1051044220919744,851,0.042243122470135806,2267,0.4871680629193532,105,0.8023617672937896,-406,0.19763823270621067,406
6:00 PM,ball-st,toledo,true home,"John F. Savage Arena, Toledo, OH",Home court,-116,116,0.46315964594053594,116,0.3260273712921222,207,0.1600118715844569,525,0.3923488555845367,155,0.20191482076937814,395,0.361926692353835,176,0.7183762268766589,-255,0.2816237731233412,255
6:00 PM,quinnipiac,fairfield,true home,"Leo D. Mahoney Arena, Fairfield, CT",Home court,1089,-1089,0.91592523377222,-1089,0.8285345062379448,-483,0.5915838957893166,-145,0.04449229677110183,2148,0.01620895514669431,6069,0.6077928509360109,-155,0.8730268030090467,-688,0.12697319699095383,688
6:00 PM,jacksonville,bellarmine,true home,"Knights Hall, Louisville, KY",Home court,-216,216,0.3162481391061359,216,0.20521197820159714,387,0.09149223444494961,993,0.538171027736274,-117,0.3062192616689134,227,0.39771149611386303,151,0.7433830059378712,-290,0.25661699406212896,290
6:00 PM,william-mary,towson,neutral (hofstra's gym),"SECU Arena, Towson, MD",True toss-up (symmetrized),144,-144,0.5904478342466821,-144,0.44697506315835966,124,0.2421589430524508,313,0.28310362984161475,253,0.13651906639466757,632,0.3786780094471184,164,0.7300786929999743,-270,0.2699213070000259,270
6:00 PM,queens-nc,fgcu,true home,"Alico Arena, Fort Myers, FL",Home court,1206,-1206,0.9234428875254557,-1206,0.8403350983388476,-526,0.607096657679669,-155,0.04002404637197221,2398,0.014432861506779417,6829,0.6215295191864485,-164,0.8803591447108199,-736,0.11964085528918035,736
6:00 PM,akron,ohio,true home,"Convocation Center, Athens, OH",Home court,162,-162,0.6175996876708827,-162,0.4700349372789224,113,0.2552320439844601,292,0.2578114386629058,288,0.12011667460901387,733,0.37534871859347396,166,0.7278463759418282,-267,0.27215362405817195,267
6:00 PM,erskine,lees-mcrae,true home,"Williams Gymnasium, Banner Elk, NC",Home court,102,-102,0.5057354830623619,-102,0.3638519845917536,175,0.18352111474697158,445,0.35352935381510836,183,0.17700430042970364,465,0.36052541517667525,177,0.7173813384068619,-254,0.2826186615931381,254
6:00 PM,mercyhurst,fdu,true home,"Bogota Savings Bank Center, Hackensack, NJ",Home court,127,-127,0.5595365542082349,-127,0.41362453724173454,142,0.2160435349259044,363,0.3063993535628482,226,0.14820747521139477,575,0.36425101013729916,175,0.7200238908045827,-257,0.2799761091954175,257
6:00 PM,bowling-green,kent-st,neutral (3rd site),"Memorial Athletic and Convocation Center, Kent, OH",True toss-up (symmetrized),-1431,1431,0.06533779014986099,1431,0.03393438605244604,2847,0.012213553101535754,8088,0.8609279015842424,-619,0.6404634518924988,-178,0.6526770049940345,-188,0.8948622876366883,-851,0.10513771236331178,851
6:00 PM,manhattan,siena,venue ?,,Home court,352,-352,0.7785829480924256,-352,0.6447101273672544,-181,0.3955164455114836,153,0.13486236125598072,641,0.056136602468492336,1681,0.45165304797997596,121,0.7795724886232351,-354,0.22042751137676508,354
6:30 PM,buffalo,miami-oh,true home,"Millett Hall, Oxford, OH",Home court,244,-244,0.7094584885114872,-244,0.5659138903965019,-130,0.32825386096748854,205,0.18555093692106867,439,0.08126895856718579,1130,0.40952281953467434,144,0.7514648273175706,-302,0.2485351726824297,302
6:30 PM,georgia-tech,duke,true home,"Cameron Indoor Stadium, Durham, NC",Home court,-755,755,0.11695901050810577,755,0.06470717493085715,1445,0.024514742489350448,3979,0.7797639150867957,-354,0.5322596893532467,-114,0.5567744318425972,-126,0.8444710900176529,-543,0.15552890998234756,543
7:00 PM,eastern-ill,lindenwood-mo,true home,"Robert F. Hyland Arena, Saint Charles, MO",Home court,376,-376,0.7898337239703901,-376,0.6582017488148668,-193,0.4078166137076848,145,0.126919480080076,688,0.0523635137844441,1810,0.4601801274921289,117,0.7851212288949428,-365,0.21487877110505726,365
7:00 PM,george-mason,davidson,venue ?,,Home court,150,-150,0.6001525582476706,-150,0.45277228542056785,121,0.2429643102400399,312,0.27216991996011236,267,0.12825204972292412,680,0.371216359962964,169,0.7249422053806802,-264,0.27505779461932006,264
7:00 PM,xavier,st-johns-ny,true home,"Carnesecca Arena, Queens, NY",Home court,-159,159,0.3868011756229355,159,0.2614138950229245,283,0.12214479444260613,719,0.46565433289715225,115,0.25209525961317847,297,0.3742400540557846,167,0.7270682279200769,-266,0.2729317720799235,266
7:00 PM,arkansas-st,la-lafayette,venue ?,,Home court,-359,359,0.21775122151774548,359,0.13226467603387665,656,0.05489755654970516,1722,0.6490832952025788,-185,0.39947595970322347,150,0.45437351625292866,120,0.7813479712364555,-357,0.21865202876354498,357
7:00 PM,troy,southern-miss,venue ?,,Home court,114,-114,0.5325634104810062,-114,0.38838584026475387,157,0.1993208845681093,402,0.3297672157367192,203,0.16229133401642304,516,0.36161221858453235,177,0.7181530560014731,-255,0.28184694399852717,255
7:00 PM,uni,bradley,true home,"Renaissance Coliseum, Peoria, IL",Home court,-1084,1084,0.08448411051805796,1084,0.044737346428001784,2135,0.01630703069136958,6032,0.8278999028109635,-481,0.5907640512142402,-144,0.6070710819056099,-154,0.8726372492389654,-685,0.1273627507610349,685
7:00 PM,florida-am,mississippi-val,true home,"Harrison HPER Complex, Itta Bena, MS",Home court,-6178,6178,0.015929500875709574,6178,0.006884695310753261,14425,0.0021775174594672957,45824,0.9522969256903706,-1996,0.7961398431584528,-391,0.79831736061792,-396,0.9591816210011239,-2350,0.040818378998876165,2350
7:00 PM,alabama-st,alabama-am,true home,"Elmore Gymnasium, Huntsville, AL",Home court,763,-763,0.8841338354771201,-763,0.7813210156757933,-357,0.5340502967855058,-115,0.06401911300576713,1462,0.024225271677440378,4028,0.5582755684629461,-126,0.8453401286815603,-547,0.15465987131844,547
7:00 PM,indiana-st,belmont,true home,"Curb Event Center, Nashville, TN",Home court,865,-865,0.8964211390187615,-865,0.7991079476508078,-398,0.5549567030658215,-125,0.05635735248066105,1674,0.021033076796261336,4654,0.5759897798620828,-136,0.8554653001314687,-592,0.1445346998685314,592
7:00 PM,tennessee,florida,venue ?,,Home court,110,-110,0.5236156837034059,-110,0.3801413757213201,163,0.19396205949169817,416,0.33763398195542504,196,0.16711812644151697,498,0.3610801859332151,177,0.717775357676745,-254,0.28222464232325506,254
7:00 PM,colgate,lehigh,venue ?,,Home court,179,-179,0.6422090590168759,-179,0.4948686467385653,102,0.2733275240520979,266,0.2379052375090021,320,0.10906635372783176,817,0.38239387777992967,162,0.7327738842475674,-274,0.2672261157524328,274
7:00 PM,drake,illinois-st,true home,"CEFCU Arena, Normal, IL",Home court,294,-294,0.7464651672976028,-294,0.6072759684430648,-155,0.3626399470249875,176,0.15801501709596477,533,0.06739359107500878,1384,0.4300335380999962,133,0.7652909855390295,-326,0.23470901446097064,326
7:00 PM,delaware,middle-tenn,venue ?,,Home court,277,-277,0.7349656528428469,-277,0.5942318000751834,-146,0.35158701444958723,184,0.1664739685425825,501,0.07160047673713166,1297,0.4231874911867189,136,0.760705768617766,-318,0.2392942313822342,318
7:00 PM,oklahoma,south-carolina,venue ?,,Home court,-121,121,0.452991895343679,121,0.31718901840547115,215,0.15466348838506638,547,0.40182874345628933,149,0.20816766275909276,380,0.36283115114415915,176,0.7190177618617605,-256,0.28098223813823975,256
7:00 PM,southern-u,prairie-view,venue ?,,Home court,383,-383,0.792816623658518,-383,0.6618141870184246,-196,0.4111532377832044,143,0.12482841795268795,701,0.05137790914704463,1846,0.46253114693024905,116,0.7866426049711126,-369,0.21335739502888768,369
7:00 PM,byu,kansas,true home,"Horejsi Family Volleyball Arena, Lawrence, KS",Home court,199,-199,0.6655488290128012,-199,0.5189741929903382,-108,0.2914201914331788,243,0.21939725014007966,356,0.09902967143937243,910,0.39044986287255123,156,0.7383714431304178,-282,0.2616285568695824,282
7:00 PM,iona,marist,venue ?,,Home court,381,-381,0.7919222193743828,-381,0.6607294255553247,-195,0.4101493444024882,144,0.1254547543603524,697,0.05167278818434725,1835,0.4618221325868354,117,0.786184179915677,-368,0.21381582008432318,368
7:00 PM,wake-forest,miami-fl,venue ?,,Home court,787,-787,0.8872663036261315,-787,0.7858060248472054,-367,0.5392424986780563,-117,0.06205279950072927,1512,0.02340053936325939,4173,0.5626430380413157,-129,0.8478588243479347,-557,0.1521411756520655,557
7:00 PM,siu-edwardsville,southeast-mo-st,venue ?,,Home court,1896,-1896,0.9499095594103577,-1896,0.884546662402363,-766,0.6706032038816832,-204,0.024827853464128552,3928,0.008583130938325712,11551,0.6791863348200089,-212,0.9093745158664917,-1003,0.09062548413350867,1003
7:00 PM,new-mexico-st,sam-houston-st,true home,"Johnson Coliseum, Huntsville, TX",Home court,-110,110,0.47612379839578167,110,0.33740411607946585,196,0.16697647195275261,499,0.380380534539336,163,0.1941168013479685,415,0.3610932733007211,177,0.7177846506188019,-254,0.2822153493811982,254
7:00 PM,tulsa,wichita-st,true home,"Charles Koch Arena, Wichita, KS",Home court,-415,415,0.194295028287411,415,0.11586575990798408,763,0.04719037078848659,2019,0.6776014427171293,-210,0.42595816501798034,135,0.47314853580646693,111,0.7934672026251133,-384,0.20653279737488706,384
7:00 PM,liberty,jacksonville-st,true home,"Pete Mathews Coliseum, Jacksonville, AL",Home court,-598,598,0.14316824688740148,598,0.08151533003853187,1127,0.03172132452616064,3052,0.7434961281082875,-290,0.4921669225759463,103,0.5238882471021069,-110,0.8250114581468193,-471,0.1749885418531809,471
7:00 PM,marshall,la-monroe,venue ?,,Home court,-409,409,0.19664810599940097,409,0.11749328955410757,751,0.04794630026811079,1986,0.6746969004757272,-207,0.4232065243994103,136,0.4711528246675211,112,0.7921901900298348,-381,0.20780980997016557,381
7:00 PM,holy-cross,lafayette,true home,"Kirby Sports Center, Easton, PA",Home court,-110,110,0.47576084161329957,110,0.3370839464148246,197,0.1667792298574808,500,0.3807138215120278,163,0.19433251695712694,415,0.3611117468146078,177,0.7177977679268525,-254,0.28220223207314776,254
7:00 PM,valparaiso,southern-ill,venue ?,,Home court,-184,184,0.35257950384742487,184,0.23374143437403658,328,0.10678842288219736,836,0.5002031771440041,-100,0.27728566464581733,261,0.3840740875280147,160,0.7339446115180407,-276,0.26605538848195953,276
7:00 PM,western-ill,tennessee-st,venue ?,,Home court,-312,312,0.24248273798601577,312,0.149968866028242,567,0.06343838147824145,1476,0.6199855857847395,-163,0.3736045125851768,168,0.43704289406341823,129,0.7699544518129815,-335,0.23004554818701878,335
7:00 PM,duquesne,saint-louis,venue ?,,Home court,-371,371,0.21246044411679713,371,0.12853197211944098,678,0.0531257524932365,1782,0.655433651823652,-190,0.4052723744046932,147,0.4583981268979297,118,0.783965623943093,-363,0.21603437605690715,363
7:00 PM,west-virginia,texas-tech,true home,"United Supermarkets Arena, Lubbock, TX",Home court,-113,113,0.4692152011118397,113,0.33132634453541027,202,0.16324451901616158,513,0.38674202744560315,159,0.19824839155692792,404,0.3614929105730895,177,0.7180683719810135,-255,0.28193162801898675,255
7:00 PM,uconn,georgetown,true home,"McDonough Arena, Washington, DC",Home court,119,-119,0.5438473920999222,-119,0.39887298788295966,151,0.2062107897265074,385,0.3199285900658809,213,0.15631550112601775,540,0.36252629085252513,176,0.7188015779488406,-256,0.2811984220511597,256
7:00 PM,kentucky,auburn,true home,"Neville Arena, Auburn, AL",Home court,-986,986,0.09205639958219788,986,0.04930184346167653,1928,0.018146162501939223,5411,0.8162985669812285,-444,0.576019004555251,-136,0.5941651670571902,-146,0.865600410442905,-644,0.13439958955709516,644
7:00 PM,bethune-cookman,jackson-st,true home,"Lee E. Williams Athletics and Assembly Center, Jackson, MS",Home court,328,-328,0.7664338498233765,-328,0.6303685275900881,-171,0.382710284554513,161,0.1435376513638643,597,0.06030988747675406,1558,0.4430201720312671,126,0.7739061789539525,-342,0.22609382104604786,342
7:00 PM,morehead-st,ut-martin,venue ?,,Home court,-295,295,0.25321875014724704,295,0.15778376017435286,534,0.06727927961282225,1386,0.6076370621842164,-155,0.3629487674817036,176,0.4302280470945259,132,0.7654208223585692,-326,0.23457917764143088,326
7:00 PM,depaul,creighton,venue ?,,Home court,471,-471,0.8249583943280767,-471,0.7017628110949106,-235,0.44936049300618186,123,0.10269957308079755,874,0.04114985051275544,2330,0.4905103435189373,104,0.8044623841757081,-411,0.1955376158242921,411
7:00 PM,arkansas,georgia,true home,"Stegeman Coliseum, Athens, GA",Home court,951,-951,0.9048557507351696,-951,0.8116393473973509,-431,0.5702213182288884,-133,0.051179882282709255,1854,0.018909482337006553,5188,0.589130800565895,-143,0.8628192296800601,-629,0.1371807703199401,629
7:00 PM,green-bay,northern-ill,venue ?,,Home court,-408,408,0.19673453443997216,408,0.11755314405459436,751,0.04797413873960248,1984,0.6745904091624935,-207,0.4231058814333447,136,0.4710800201729472,112,0.7921435532170878,-381,0.20785644678291232,381
7:00 PM,alcorn,texas-southern,true home,"Health & Physical Education Arena, Houston, TX",Home court,298,-298,0.7490275919375189,-298,0.6102073019052141,-157,0.36515143629327956,174,0.1561421924298083,540,0.06646891909321696,1404,0.4316203553864965,132,0.7663494943350225,-328,0.23365050566497775,328
7:00 PM,missouri-st,western-ky,true home,"E.A. Diddle Arena, Bowling Green, KY",Home court,232,-232,0.6983750392719117,-232,0.5538584935779964,-124,0.31858219561385465,214,0.19397442974626064,416,0.08561701922109609,1068,0.40419921483495075,147,0.7478329233242571,-297,0.2521670766757431,297
7:00 PM,pittsburgh,boston-college,venue ?,,Home court,-18090,18090,0.005497672884425386,18090,0.0020863932245109625,47830,0.000621188394303045,160882,0.9791980455648829,-4707,0.869528864620987,-666,0.87015005301529,-670,0.9812844387893939,-5243,0.018715561210606566,5243
7:00 PM,clemson,north-carolina,true home,"Carmichael Arena, Chapel Hill, NC",Home court,1860,-1860,0.9489721366148599,-1860,0.8828942312888918,-754,0.6680466101358249,-201,0.02535023130235662,3845,0.00877878588777272,11291,0.6768253960235976,-209,0.9082444625912484,-990,0.09175553740875174,990
7:00 PM,merrimack,sacred-heart,true home,"William H. Pitt Center, Fairfield, CT",Home court,2439,-2439,0.9606119952343981,-2439,0.9040008086647509,-942,0.7020631907986862,-236,0.018960202657983587,5174,0.006416234509849414,15485,0.7084794253085356,-243,0.9229610113227346,-1198,0.07703898867726582,1198
7:00 PM,valdosta-st,christian-bros,true home,"Canale Arena, Memphis, TN",Home court,-165,165,0.37756554474439913,165,0.2538687639805982,294,0.11790697816286475,748,0.4748682321816364,111,0.2587119461479877,287,0.3766189243108524,166,0.7287369961622346,-269,0.2712630038377656,269
7:00 PM,west-ala,montevallo,true home,"Central State Bank Arena, Montevallo, AL",Home court,347,-347,0.7760428896377631,-347,0.6416925898448337,-179,0.39279939179715834,155,0.1366677491617273,632,0.05700062290267867,1654,0.449800014699837,122,0.7783603390065609,-351,0.22163966099343918,351
7:00 PM,aub-montgomery,union-tn,true home,"Fred DeLay Gymnasium, Jackson, TN",Home court,150,-150,0.6001522559812096,-150,0.4527719887400943,121,0.2429641015376401,312,0.272170170496575,267,0.1282521928825079,680,0.371216294420148,169,0.7249421592366693,-264,0.27505784076333095,264
7:00 PM,north-florida,lipscomb,true home,"Allen Arena, Nashville, TN",Home court,253,-253,0.717066576492446,-253,0.5742747606254552,-135,0.33505161493867913,198,0.17981568103350745,456,0.07833608154589211,1177,0.41338769648457124,142,0.7540904416589627,-307,0.24590955834103745,307
7:00 PM,missouri,ole-miss,venue ?,,Home court,-169,169,0.37121198329160876,169,0.24871130060942553,302,0.11503214522715367,769,0.4812533543532408,108,0.26333995078268546,280,0.3783720960098391,164,0.7299646549626663,-270,0.2700353450373338,270
7:00 PM,mississippi-christ,ala-huntsville,true home,"SportsMED Arena in Spragins Hall, Huntsville, AL",Home court,287,-287,0.7416632525794296,-287,0.6018072014461395,-151,0.3579817666238792,179,0.1615365067821385,519,0.06913888988170216,1346,0.4271206565055814,134,0.763343708228278,-323,0.23665629177172226,323
7:00 PM,utsa,charlotte,true home,"Halton Arena, Charlotte, NC",Home court,-184,184,0.3527239423703511,184,0.23385659463054292,328,0.10685126902400802,836,0.5000549620175294,-100,0.2771753448576998,261,0.3840266138817078,160,0.7339115566480723,-276,0.26608844335192783,276
7:00 PM,evansville,murray-st,venue ?,,Home court,166,-166,0.6234765223890075,-166,0.4759128553947124,110,0.2594666915237047,285,0.25302102410901445,295,0.11743321591965632,752,0.37689990744336105,165,0.7289338795037268,-269,0.2710661204962734,269
7:30 PM,tulane,memphis,venue ?,,Home court,-137,137,0.4219803030326046,137,0.29068176520066635,244,0.13894553904257068,620,0.43126420902230345,132,0.22802265684674045,339,0.3669681958893111,173,0.7219459742229699,-260,0.2780540257770306,260
7:30 PM,colorado,tcu,true home,"Ed and Rae Schollmaier Arena, Fort Worth, TX",Home court,290,-290,0.7434847556654054,-290,0.6038779316773889,-152,0.3597414140357259,178,0.1601988858500185,524,0.06847492883633001,1360,0.4282163428720559,134,0.7640768175274074,-324,0.23592318247259275,324
7:30 PM,cincinnati,houston,true home,"Fertitta Center, Houston, TX",Home court,-129,129,0.4361942536722314,129,0.30274784483778994,230,0.14604070148096893,585,0.41767351258681407,139,0.21877168436022235,357,0.36481238584119124,174,0.7204213574246039,-258,0.2795786425753964,258
7:30 PM,alabama,texas-am,true home,"Reed Arena, College Station, TX",Home court,6574,-6574,0.9850160012107088,-6574,0.9545097888813284,-2098,0.801307769938427,-403,0.006429067793543417,15454,0.0020253671060580015,49274,0.8033331370444851,-408,0.9609388566748719,-2460,0.03906114332512836,2460
8:00 PM,ucf,baylor,true home,"Ferrell Center, Waco, TX",Home court,328,-328,0.766550110971851,-328,0.6305046920060815,-171,0.3828306089421358,161,0.1434541537025647,597,0.0602694631490802,1559,0.443100072091216,126,0.7739588457086461,-342,0.22604115429135396,342
9:00 PM,purdue,oregon,true home,"Matthew Knight Arena, Eugene, OR",Home court,-157,157,0.3884825261642235,157,0.2627936486579432,281,0.12292387504322949,714,0.4639854421711411,116,0.25090449994887526,299,0.37382837499210475,168,0.7267790908290844,-266,0.2732209091709158,266
9:00 PM,long-beach-st,cal-st-northridge,true home,"Premier America Credit Union Arena, Northridge, CA",Home court,-301,301,0.24945095536960674,301,0.15503228246370412,545,0.0659220806031867,1417,0.6119521484570211,-158,0.3666512771092175,173,0.43257335771240424,131,0.7669844309207252,-329,0.23301556907927498,329
9:00 PM,hawaii,grand-canyon,true home,"Global Credit Union Arena, Phoenix, AZ",Home court,-237,237,0.296628817018664,237,0.19016729985596603,426,0.08364589403228077,1096,0.5592747433543976,-127,0.32290875414800463,210,0.4065546481802854,146,0.7494420432103638,-299,0.25055795678963666,299
9:00 PM,nevada,new-mexico,venue ?,,Home court,153,-153,0.6042518613780244,-153,0.4568033728357973,119,0.24580673012593093,307,0.2687778609717021,272,0.1263176551940693,692,0.37212438532000025,169,0.7255812338074995,-264,0.27441876619250083,264
9:00 PM,iowa-st,arizona,venue ?,,Home court,128,-128,0.5620755874395285,-128,0.41603078004028116,140,0.21766329822233943,359,0.30422614285664273,229,0.14691681069789078,581,0.3645801089202302,174,0.7202569228969239,-257,0.27974307710307633,257
9:00 PM,cal-st-fullerton,bakersfield,true home,"Icardo Center, Bakersfield, CA",Home court,634,-634,0.8637826839410839,-634,0.7529252929531123,-305,0.5023085001517668,-101,0.07700171150136587,1199,0.029761215735836396,3260,0.5320697158876031,-114,0.8299270044544781,-488,0.1700729955455222,488
9:00 PM,mississippi-st,texas,true home,"Gregory Gym, Austin, TX",Home court,1019,-1019,0.910635858065159,-1019,0.8203940262551173,-457,0.5811727822322479,-139,0.04767222599887003,1998,0.017486907317469446,5619,0.5986596895497174,-149,0.8680662522539874,-658,0.13193374774601302,658
10:00 PM,michigan-st,ucla,true home,"Pauley Pavilion, Los Angeles, CA",Home court,-153,153,0.39484047282180534,153,0.2680283293108668,273,0.12589126193162517,694,0.4576979810445476,118,0.2464393674155153,306,0.37233062934714045,169,0.7257263103554144,-265,0.2742736896445857,265
10:00 PM,illinois,washington,true home,"Alaska Airlines Arena, Seattle, WA",Home court,212,-212,0.6792137485087162,-212,0.5333514682588091,-114,0.30247027108147917,231,0.20872802634668372,379,0.09334793713997304,971,0.3958182082214522,153,0.7420794946054928,-288,0.2579205053945076,288
10:00 PM,uc-irvine,uc-riverside,true home,"SRC Arena, Riverside, CA",Home court,-405,405,0.19795972538871154,405,0.11840220218530687,745,0.04836932886384163,1967,0.6730822677933184,-206,0.4216823950507502,137,0.4700517239145919,113,0.7914844699786252,-380,0.20851553002137496,380
10:00 PM,virginia-tech,stanford,true home,"Maples Pavilion, Stanford, CA",Home court,17189,-17189,0.9942159672043316,-17189,0.9783529540766339,-4520,0.8667213933482234,-650,0.0022092602059755728,45164,0.0006594291436854018,151546,0.8673808224919088,-654,0.9805622142826095,-5045,0.019437785717390754,5045
10:00 PM,virginia,california,true home,"Haas Pavilion, Berkeley, CA",Home court,273,-273,0.7322145011208765,-273,0.5911374040793068,-145,0.348993898922743,187,0.1685107876499632,493,0.07262085482077409,1277,0.4216147537435171,137,0.75964819172927,-316,0.24035180827073038,316
11:00 PM,michigan,southern-california,true home,"Galen Center, Los Angeles, CA",Home court,231,-231,0.6974706360806091,-231,0.5528811633568798,-124,0.317804711505189,215,0.19466535578119218,414,0.08597579347632925,1063,0.4037805049815183,148,0.747546519138072,-296,0.25245348086192837,296
