contest_id,away,home,legacy,new,venue,verdict
6628264,morgan-st,nc-central,true home,true home,"McDougald-McLendon Arena, Durham, NC",confirmed
6644677,spring-hill,fort-valley-st,neutral (3rd site),neutral (3rd site),"Beacom/Lewis Gym, Wilberforce, OH",confirmed
6624430,samford,western-caro,?,venue ?,,confirmed
6628412,william-mary,towson,neutral (hofstra's gym),neutral (hofstra's gym),"SECU Arena, Towson, MD",confirmed
6624280,butler,seton-hall,true home,true home,"Walsh Gymnasium, South Orange, NJ",confirmed
6625020,dayton,fordham,true home,true home,"Rose Hill Gym, Bronx, NY",confirmed
6628345,albany-ny,njit,true home,true home,"NJIT's Wellness & Events Center, Newark, NJ",confirmed
6624779,iu-indy,youngstown-st,true home,true home,"Beeghly Center, Youngstown, OH",confirmed
6624862,coppin-st,south-carolina-st,?,venue ?,,confirmed
6624888,kennesaw-st,fiu,true home,true home,"Ocean Bank Convocation Center, Miami, FL",confirmed
