⚠,⚕opp,vs_shorthanded,⚕ absent,match_conf,game_#,time,game_date,matchup,site,venue,bet,odds,book,model_prob,mkt_prob,blend_prob,devig,p20,edge,stake,fair_odds,market,side,point,away_team,home_team,venue_mode,book_orientation
,⚕,True,"nc-central: Mya Smith (-0.42 pts/set, #6 of 6 OH), Peyton Jenkins (-0.26 pts/set, #1 of 3 MB), Alex Fuller (-0.07 pts/set, #2 of 4 DS)",1.0,1,4:00 PM,2026-10-02,morgan-st @ nc-central,true home,"McDougald-McLendon Arena, Durham, NC",morgan-st ML,200,,0.3029,0.5,0.4378,wpo,0.2996,0.1033,22.5,128,ml,away,,morgan-st,nc-central,home,same
,⚕,True,"nc-central: Mya Smith (-0.42 pts/set, #6 of 6 OH), Peyton Jenkins (-0.26 pts/set, #1 of 3 MB), Alex Fuller (-0.07 pts/set, #2 of 4 DS)",1.0,1,4:00 PM,2026-10-02,morgan-st @ nc-central,true home,"McDougald-McLendon Arena, Durham, NC",morgan-st +1.5 sets,-110,,0.4476,0.5,0.4842,wpo,0.4442,-0.0406,0.0,107,spread,away,1.5,morgan-st,nc-central,home,same
,⚕,True,"nc-central: Mya Smith (-0.42 pts/set, #6 of 6 OH), Peyton Jenkins (-0.26 pts/set, #1 of 3 MB), Alex Fuller (-0.07 pts/set, #2 of 4 DS)",1.0,1,4:00 PM,2026-10-02,morgan-st @ nc-central,true home,"McDougald-McLendon Arena, Durham, NC",Over 3.5 sets,-115,,0.5964,0.5113,0.5372,wpo,0.5934,0.0014,0.0,-116,total,over,3.5,morgan-st,nc-central,home,same
,,False,"nc-central: Mya Smith (-0.42 pts/set, #6 of 6 OH), Peyton Jenkins (-0.26 pts/set, #1 of 3 MB), Alex Fuller (-0.07 pts/set, #2 of 4 DS)",1.0,1,4:00 PM,2026-10-02,morgan-st @ nc-central,true home,"McDougald-McLendon Arena, Durham, NC",nc-central ML,200,,0.6971,0.5,0.5622,wpo,0.6933,0.2275,22.5,-128,ml,home,,morgan-st,nc-central,home,same
,,False,"nc-central: Mya Smith (-0.42 pts/set, #6 of 6 OH), Peyton Jenkins (-0.26 pts/set, #1 of 3 MB), Alex Fuller (-0.07 pts/set, #2 of 4 DS)",1.0,1,4:00 PM,2026-10-02,morgan-st @ nc-central,true home,"McDougald-McLendon Arena, Durham, NC",nc-central -1.5 sets,-110,,0.5524,0.5,0.5158,wpo,0.5487,-0.0092,0.0,-107,spread,home,-1.5,morgan-st,nc-central,home,same
,⚕,True,"nc-central: Mya Smith (-0.42 pts/set, #6 of 6 OH), Peyton Jenkins (-0.26 pts/set, #1 of 3 MB), Alex Fuller (-0.07 pts/set, #2 of 4 DS)",1.0,1,4:00 PM,2026-10-02,morgan-st @ nc-central,true home,"McDougald-McLendon Arena, Durham, NC",Under 3.5 sets,-105,,0.4036,0.4887,0.4628,wpo,0.3998,-0.0505,0.0,116,total,under,3.5,morgan-st,nc-central,home,same
,⚕,True,"butler: Sawyer Jones (-0.28 pts/set, #7 of 7 OH), Kaylee Finnegan (-0.01 pts/set, #3 of 3 S); seton-hall: Kennedy Horn (+0.05 pts/set, #1 of 4 MB)",1.0,2,5:00 PM,2026-10-02,butler @ seton-hall,true home,"Walsh Gymnasium, South Orange, NJ",butler ML,200,,0.8372,0.5,0.6204,wpo,0.8326,0.2847,22.5,-163,ml,away,,butler,seton-hall,home,same
,⚕,True,"butler: Sawyer Jones (-0.28 pts/set, #7 of 7 OH), Kaylee Finnegan (-0.01 pts/set, #3 of 3 S); seton-hall: Kennedy Horn (+0.05 pts/set, #1 of 4 MB)",1.0,2,5:00 PM,2026-10-02,butler @ seton-hall,true home,"Walsh Gymnasium, South Orange, NJ",butler +1.5 sets,-110,,0.9055,0.5,0.6633,wpo,0.9024,0.1371,31.5,-197,spread,away,1.5,butler,seton-hall,home,same
,⚕,True,"butler: Sawyer Jones (-0.28 pts/set, #7 of 7 OH), Kaylee Finnegan (-0.01 pts/set, #3 of 3 S); seton-hall: Kennedy Horn (+0.05 pts/set, #1 of 4 MB)",1.0,2,5:00 PM,2026-10-02,butler @ seton-hall,true home,"Walsh Gymnasium, South Orange, NJ",Over 3.5 sets,-115,,0.4974,0.5113,0.5072,wpo,0.4935,-0.0289,0.0,-103,total,over,3.5,butler,seton-hall,home,same
,⚕,True,"butler: Sawyer Jones (-0.28 pts/set, #7 of 7 OH), Kaylee Finnegan (-0.01 pts/set, #3 of 3 S); seton-hall: Kennedy Horn (+0.05 pts/set, #1 of 4 MB)",1.0,2,5:00 PM,2026-10-02,butler @ seton-hall,true home,"Walsh Gymnasium, South Orange, NJ",seton-hall ML,200,,0.1628,0.5,0.3796,wpo,0.1593,0.0444,16.67,163,ml,home,,butler,seton-hall,home,same
,⚕,True,"butler: Sawyer Jones (-0.28 pts/set, #7 of 7 OH), Kaylee Finnegan (-0.01 pts/set, #3 of 3 S); seton-hall: Kennedy Horn (+0.05 pts/set, #1 of 4 MB)",1.0,2,5:00 PM,2026-10-02,butler @ seton-hall,true home,"Walsh Gymnasium, South Orange, NJ",seton-hall -1.5 sets,-110,,0.0945,0.5,0.3367,wpo,0.0917,-0.1893,0.0,197,spread,home,-1.5,butler,seton-hall,home,same
,⚕,True,"butler: Sawyer Jones (-0.28 pts/set, #7 of 7 OH), Kaylee Finnegan (-0.01 pts/set, #3 of 3 S); seton-hall: Kennedy Horn (+0.05 pts/set, #1 of 4 MB)",1.0,2,5:00 PM,2026-10-02,butler @ seton-hall,true home,"Walsh Gymnasium, South Orange, NJ",Under 3.5 sets,-105,,0.5026,0.4887,0.4928,wpo,0.4973,-0.021,0.0,103,total,under,3.5,butler,seton-hall,home,same
,,False,"dayton: Addi Gallentine (+0.19 pts/set, #3 of 4 MB)",1.0,3,5:00 PM,2026-10-02,dayton @ fordham,true home,"Rose Hill Gym, Bronx, NY",dayton ML,200,,0.96,0.5,0.7218,wpo,0.9576,0.3848,22.5,-259,ml,away,,dayton,fordham,home,same
,,False,"dayton: Addi Gallentine (+0.19 pts/set, #3 of 4 MB)",1.0,3,5:00 PM,2026-10-02,dayton @ fordham,true home,"Rose Hill Gym, Bronx, NY",dayton +1.5 sets,-110,,0.9807,0.5,0.7647,wpo,0.9796,0.2379,31.5,-325,spread,away,1.5,dayton,fordham,home,same
,⚕,True,"dayton: Addi Gallentine (+0.19 pts/set, #3 of 4 MB)",1.0,3,5:00 PM,2026-10-02,dayton @ fordham,true home,"Rose Hill Gym, Bronx, NY",Over 3.5 sets,-115,,0.2933,0.5113,0.4422,wpo,0.2887,-0.0943,0.0,126,total,over,3.5,dayton,fordham,home,same
,⚕,True,"dayton: Addi Gallentine (+0.19 pts/set, #3 of 4 MB)",1.0,3,5:00 PM,2026-10-02,dayton @ fordham,true home,"Rose Hill Gym, Bronx, NY",fordham ML,200,,0.04,0.5,0.2782,wpo,0.0383,-0.0578,0.0,259,ml,home,,dayton,fordham,home,same
,⚕,True,"dayton: Addi Gallentine (+0.19 pts/set, #3 of 4 MB)",1.0,3,5:00 PM,2026-10-02,dayton @ fordham,true home,"Rose Hill Gym, Bronx, NY",fordham -1.5 sets,-110,,0.0193,0.5,0.2353,wpo,0.0183,-0.2913,0.0,325,spread,home,-1.5,dayton,fordham,home,same
,⚕,True,"dayton: Addi Gallentine (+0.19 pts/set, #3 of 4 MB)",1.0,3,5:00 PM,2026-10-02,dayton @ fordham,true home,"Rose Hill Gym, Bronx, NY",Under 3.5 sets,-105,,0.7067,0.4887,0.5578,wpo,0.7005,0.0434,22.22,-126,total,under,3.5,dayton,fordham,home,same
