season,contest_id,period,official,parsed,matches,reconstructed
2023,6173794,1,"(20, 25)","(20, 25)",True,False
2023,6173794,2,"(25, 16)","(25, 16)",True,False
2023,6173794,3,"(25, 15)","(25, 15)",True,False
2023,6173794,4,"(25, 23)","(25, 23)",True,False
2023,6173846,1,"(18, 25)","(18, 25)",True,False
2023,6173846,2,"(25, 9)","(25, 9)",True,False
2023,6173846,3,"(25, 21)","(25, 21)",True,False
2023,6173846,4,"(19, 25)","(19, 25)",True,False
2023,6173846,5,"(15, 11)","(15, 11)",True,False
2023,6173898,1,"(25, 14)","(25, 14)",True,False
2023,6173898,2,"(16, 25)","(16, 25)",True,False
2023,6173898,3,"(25, 18)","(25, 18)",True,False
2023,6173898,4,"(25, 14)","(25, 14)",True,False
2023,6173950,1,"(15, 25)","(15, 25)",True,False
2023,6173950,2,"(15, 25)","(15, 25)",True,False
2023,6173950,3,"(13, 25)","(13, 25)",True,False
2023,6174003,1,"(25, 16)","(26, 16)",False,True
2023,6174003,2,"(25, 16)","(25, 16)",True,True
2023,6174003,3,"(17, 25)","(16, 24)",False,True
2023,6174003,4,"(25, 17)","(25, 17)",True,True
2023,6174055,1,"(25, 17)","(25, 17)",True,False
2023,6174055,2,"(25, 19)","(25, 19)",True,False
2023,6174055,3,"(25, 16)","(25, 16)",True,False
2023,6174107,1,"(20, 25)","(20, 25)",True,False
2023,6174107,2,"(19, 25)","(19, 25)",True,False
2023,6174107,3,"(24, 26)","(24, 26)",True,False
2023,6174160,1,"(25, 16)","(25, 16)",True,False
2023,6174160,2,"(25, 10)","(25, 10)",True,False
2023,6174160,3,"(26, 24)","(26, 24)",True,False
2023,6174212,1,"(25, 18)","(25, 18)",True,False
2023,6174212,2,"(25, 12)","(25, 12)",True,False
2023,6174212,3,"(25, 17)","(25, 17)",True,False
2023,6174264,1,"(25, 22)","(25, 22)",True,False
2023,6174264,2,"(25, 21)","(25, 21)",True,False
2023,6174264,3,"(25, 10)","(25, 10)",True,False
2023,6174317,1,"(17, 25)","(17, 25)",True,False
2023,6174317,2,"(19, 25)","(19, 25)",True,False
2023,6174317,3,"(17, 25)","(17, 25)",True,False
2023,6174369,1,"(25, 18)","(25, 18)",True,False
2023,6174369,2,"(25, 16)","(25, 16)",True,False
2023,6174369,3,"(25, 21)","(25, 21)",True,False
2023,6174421,1,"(16, 25)","(16, 25)",True,False
2023,6174421,2,"(18, 25)","(18, 25)",True,False
2023,6174421,3,"(24, 26)","(24, 26)",True,False
2023,6174477,1,"(25, 18)","(25, 18)",True,False
2023,6174477,2,"(25, 18)","(25, 18)",True,False
2023,6174477,3,"(25, 19)","(25, 19)",True,False
2023,6174534,1,"(25, 20)","(25, 20)",True,False
2023,6174534,2,"(18, 25)","(18, 25)",True,False
2023,6174534,3,"(25, 22)","(25, 22)",True,False
2023,6174534,4,"(27, 25)","(27, 25)",True,False
2023,6174587,1,"(25, 14)","(25, 14)",True,False
2023,6174587,2,"(25, 14)","(25, 14)",True,False
2023,6174587,3,"(25, 16)","(25, 16)",True,False
2023,6174639,1,"(21, 25)","(21, 25)",True,False
2023,6174639,2,"(20, 25)","(20, 25)",True,False
2023,6174639,3,"(27, 25)","(27, 25)",True,False
2023,6174639,4,"(25, 21)","(25, 21)",True,False
2023,6174639,5,"(15, 11)","(15, 11)",True,False
2023,6174693,1,"(25, 23)","(25, 23)",True,False
2023,6174693,2,"(25, 21)","(25, 21)",True,False
2023,6174693,3,"(25, 17)","(25, 17)",True,False
2023,6174745,1,"(19, 25)","(19, 25)",True,False
2023,6174745,2,"(25, 20)","(25, 20)",True,False
2023,6174745,3,"(23, 25)","(23, 25)",True,False
2023,6174745,4,"(25, 18)","(25, 18)",True,False
2023,6174745,5,"(18, 16)","(18, 16)",True,False
2023,6174798,1,"(23, 25)","(23, 25)",True,False
2023,6174798,2,"(23, 25)","(23, 25)",True,False
2023,6174798,3,"(21, 25)","(21, 25)",True,False
2023,6174850,1,"(13, 25)","(13, 25)",True,False
2023,6174850,2,"(25, 19)","(25, 19)",True,False
2023,6174850,3,"(25, 19)","(25, 19)",True,False
2023,6174850,4,"(25, 22)","(25, 22)",True,False
2023,6174902,1,"(25, 18)","(25, 18)",True,False
2023,6174902,2,"(25, 23)","(25, 23)",True,False
2023,6174902,3,"(25, 23)","(25, 23)",True,False
2023,6174954,1,"(17, 25)","(17, 25)",True,False
2023,6174954,2,"(23, 25)","(23, 25)",True,False
2023,6174954,3,"(25, 19)","(25, 19)",True,False
2023,6174954,4,"(25, 19)","(25, 19)",True,False
2023,6174954,5,"(15, 12)","(15, 12)",True,False
2023,6175008,1,"(26, 24)","(26, 24)",True,False
2023,6175008,2,"(25, 17)","(25, 17)",True,False
2023,6175008,3,"(21, 25)","(21, 25)",True,False
2023,6175008,4,"(25, 21)","(25, 21)",True,False
2023,6175060,1,"(18, 25)","(18, 25)",True,False
2023,6175060,2,"(21, 25)","(21, 25)",True,False
2023,6175060,3,"(25, 27)","(25, 27)",True,False
2023,6175113,1,"(25, 23)","(25, 23)",True,False
2023,6175113,2,"(25, 23)","(25, 23)",True,False
2023,6175113,3,"(25, 19)","(25, 19)",True,False
2023,6175167,1,"(22, 25)","(22, 25)",True,False
2023,6175167,2,"(20, 25)","(20, 25)",True,False
2023,6175167,3,"(25, 22)","(25, 22)",True,False
2023,6175167,4,"(22, 25)","(22, 25)",True,False
2023,6175219,1,"(25, 22)","(25, 22)",True,False
2023,6175219,2,"(25, 19)","(25, 19)",True,False
2023,6175219,3,"(25, 23)","(25, 23)",True,False
2023,6175271,1,"(25, 20)","(25, 20)",True,False
2023,6175271,2,"(25, 19)","(25, 19)",True,False
2023,6175271,3,"(17, 25)","(17, 25)",True,False
2023,6175271,4,"(25, 14)","(25, 14)",True,False
2023,6175324,1,"(25, 20)","(25, 20)",True,False
2023,6175324,2,"(19, 25)","(19, 25)",True,False
2023,6175324,3,"(21, 25)","(21, 25)",True,False
2023,6175324,4,"(12, 25)","(12, 25)",True,False
2023,6175378,1,"(13, 25)","(13, 25)",True,False
2023,6175378,2,"(27, 25)","(27, 25)",True,False
2023,6175378,3,"(18, 25)","(18, 25)",True,False
2023,6175378,4,"(19, 25)","(19, 25)",True,False
2023,6175432,1,"(25, 23)","(25, 23)",True,False
2023,6175432,2,"(25, 16)","(25, 16)",True,False
2023,6175432,3,"(31, 33)","(31, 33)",True,False
2023,6175432,4,"(25, 17)","(25, 17)",True,False
2023,6175489,1,"(10, 25)","(10, 25)",True,False
2023,6175489,2,"(21, 25)","(21, 25)",True,False
2023,6175489,3,"(16, 25)","(16, 25)",True,False
2023,6175541,1,"(25, 18)","(25, 18)",True,False
2023,6175541,2,"(25, 20)","(25, 20)",True,False
2023,6175541,3,"(25, 15)","(25, 15)",True,False
2023,6175593,1,"(22, 25)","(22, 25)",True,False
2023,6175593,2,"(20, 25)","(20, 25)",True,False
2023,6175593,3,"(13, 25)","(13, 25)",True,False
2023,6175645,1,"(22, 25)","(22, 25)",True,False
2023,6175645,2,"(19, 25)","(19, 25)",True,False
2023,6175645,3,"(15, 25)","(15, 25)",True,False
2023,6175697,1,"(25, 23)","(25, 23)",True,False
2023,6175697,2,"(25, 20)","(25, 20)",True,False
2023,6175697,3,"(25, 20)","(25, 20)",True,False
2023,6175749,1,"(25, 20)","(25, 20)",True,False
2023,6175749,2,"(25, 21)","(25, 21)",True,False
2023,6175749,3,"(25, 27)","(25, 27)",True,False
2023,6175749,4,"(25, 21)","(25, 21)",True,False
2023,6175801,1,"(25, 22)","(25, 22)",True,False
2023,6175801,2,"(19, 25)","(19, 25)",True,False
2023,6175801,3,"(19, 25)","(19, 25)",True,False
2023,6175801,4,"(23, 25)","(23, 25)",True,False
2023,6175853,1,"(16, 25)","(16, 25)",True,False
2023,6175853,2,"(19, 25)","(19, 25)",True,False
2023,6175853,3,"(22, 25)","(22, 25)",True,False
2023,6175905,1,"(26, 24)","(25, 24)",False,True
2023,6175905,2,"(25, 13)","(23, 13)",False,True
2023,6175905,3,"(25, 18)","(27, 17)",False,True
2023,6175957,1,"(25, 19)","(26, 17)",False,True
2023,6175957,2,"(26, 24)","(26, 23)",False,True
2023,6175957,3,"(25, 16)","(25, 16)",True,True
2023,6176009,1,"(22, 25)","(23, 25)",False,True
2023,6176009,2,"(25, 23)","(24, 23)",False,True
2023,6176009,3,"(18, 25)","(17, 24)",False,True
2023,6176009,4,"(25, 21)","(25, 17)",False,True
2023,6176009,5,"(7, 15)","(8, 14)",False,True
2023,6176061,1,"(25, 27)","(25, 25)",False,True
2023,6176061,2,"(25, 18)","(25, 17)",False,True
2023,6176061,3,"(18, 25)","(18, 24)",False,True
2023,6176061,4,"(25, 20)","(24, 20)",False,True
2023,6176061,5,"(15, 12)","(15, 12)",True,True
2023,6176113,1,"(26, 24)","(32, 29)",False,True
2023,6176113,2,"(25, 14)","(24, 13)",False,True
2023,6176113,3,"(25, 20)","(23, 21)",False,True
2023,6176113,4,"(25, 22)","(28, 21)",False,True
2023,6176165,1,"(25, 16)","(22, 18)",False,True
2023,6176165,2,"(23, 25)","(22, 25)",False,True
2023,6176165,3,"(25, 19)","(24, 20)",False,True
2023,6176165,4,"(25, 21)","(25, 21)",True,True
2023,6176217,1,"(25, 16)","(24, 16)",False,True
2023,6176217,2,"(25, 17)","(24, 17)",False,True
2023,6176217,3,"(29, 27)","(29, 27)",True,True
2023,6176269,1,"(25, 14)","(25, 14)",True,True
2023,6176269,2,"(18, 25)","(18, 25)",True,True
2023,6176269,3,"(16, 25)","(16, 26)",False,True
2023,6176269,4,"(18, 25)","(17, 25)",False,True
2023,6176321,1,"(25, 23)","(24, 23)",False,True
2023,6176321,2,"(27, 29)","(24, 30)",False,True
2023,6176321,3,"(15, 25)","(15, 25)",True,True
2023,6176321,4,"(15, 25)","(15, 24)",False,True
2023,6176373,1,"(20, 25)","(20, 25)",True,True
2023,6176373,2,"(25, 14)","(25, 15)",False,True
2023,6176373,3,"(25, 22)","(26, 22)",False,True
2023,6176373,4,"(25, 19)","(24, 19)",False,True
2023,6176425,1,"(26, 24)","(26, 24)",True,True
2023,6176425,2,"(25, 19)","(25, 19)",True,True
2023,6176425,3,"(25, 11)","(24, 11)",False,True
2023,6176477,1,"(24, 26)","(24, 26)",True,True
2023,6176477,2,"(18, 25)","(17, 25)",False,True
2023,6176477,3,"(19, 25)","(20, 25)",False,True
2023,6176529,1,"(25, 15)","(22, 14)",False,True
2023,6176529,2,"(25, 17)","(22, 16)",False,True
2023,6176529,3,"(19, 25)","(19, 24)",False,True
2023,6176529,4,"(17, 25)","(16, 20)",False,True
2023,6176529,5,"(11, 15)","(10, 13)",False,True
2023,6176583,1,"(25, 17)","(25, 17)",True,True
2023,6176583,2,"(25, 23)","(25, 22)",False,True
2023,6176583,3,"(25, 17)","(25, 17)",True,True
2023,6176635,1,"(25, 23)","(25, 25)",False,True
2023,6176635,2,"(23, 25)","(23, 24)",False,True
2023,6176635,3,"(20, 25)","(19, 25)",False,True
2023,6176635,4,"(25, 20)","(25, 20)",True,True
2023,6176635,5,"(15, 11)","(15, 11)",True,True
2023,6176688,1,"(23, 25)","(23, 25)",True,True
2023,6176688,2,"(20, 25)","(20, 26)",False,True
2023,6176688,3,"(17, 25)","(17, 25)",True,True
2023,6176740,1,"(22, 25)","(25, 25)",False,True
2023,6176740,2,"(17, 25)","(18, 24)",False,True
2023,6176740,3,"(25, 20)","(24, 20)",False,True
2023,6176740,4,"(23, 25)","(23, 25)",True,True
2023,6176792,1,"(11, 25)","(11, 24)",False,True
2023,6176792,2,"(16, 25)","(16, 25)",True,True
2023,6176792,3,"(15, 25)","(16, 25)",False,True
2023,6176844,1,"(23, 25)","(24, 24)",False,True
2023,6176844,2,"(21, 25)","(21, 25)",True,True
2023,6176844,3,"(17, 25)","(17, 26)",False,True
2023,6176897,1,"(25, 11)","(26, 10)",False,True
2023,6176897,2,"(25, 22)","(25, 22)",True,True
2023,6176897,3,"(25, 23)","(25, 23)",True,True
2023,6176952,1,"(26, 24)","(28, 25)",False,True
2023,6176952,2,"(25, 18)","(26, 18)",False,True
2023,6176952,3,"(25, 20)","(24, 19)",False,True
2023,6177005,1,"(22, 25)","(22, 25)",True,True
2023,6177005,2,"(25, 14)","(25, 14)",True,True
2023,6177005,3,"(22, 25)","(22, 25)",True,True
2023,6177005,4,"(25, 22)","(27, 23)",False,True
2023,6177005,5,"(15, 12)","(15, 12)",True,True
2023,6177057,1,"(25, 27)","(25, 27)",True,True
2023,6177057,2,"(18, 25)","(18, 26)",False,True
2023,6177057,3,"(9, 25)","(9, 24)",False,True
2023,6177110,1,"(25, 22)","(25, 21)",False,True
2023,6177110,2,"(24, 26)","(25, 26)",False,True
2023,6177110,3,"(25, 17)","(26, 16)",False,True
2023,6177110,4,"(22, 25)","(23, 28)",False,True
2023,6177110,5,"(15, 8)","(16, 9)",False,True
2023,6177162,1,"(21, 25)","(21, 25)",True,False
2023,6177162,2,"(25, 20)","(25, 20)",True,False
2023,6177162,3,"(25, 18)","(25, 18)",True,False
2023,6177162,4,"(25, 17)","(25, 17)",True,False
2023,6177215,1,"(27, 25)","(27, 25)",True,False
2023,6177215,2,"(25, 16)","(25, 16)",True,False
2023,6177215,3,"(25, 22)","(25, 22)",True,False
2023,6177267,1,"(24, 26)","(23, 27)",False,True
2023,6177267,2,"(18, 25)","(17, 24)",False,True
2023,6177267,3,"(25, 22)","(25, 22)",True,True
2023,6177267,4,"(30, 28)","(30, 28)",True,True
2023,6177267,5,"(15, 11)","(16, 12)",False,True
2023,6177319,1,"(22, 25)","(22, 24)",False,True
2023,6177319,2,"(25, 23)","(25, 23)",True,True
2023,6177319,3,"(25, 20)","(25, 20)",True,True
2023,6177319,4,"(25, 13)","(24, 13)",False,True
2023,6177371,1,"(25, 20)","(30, 22)",False,True
2023,6177371,2,"(27, 25)","(29, 27)",False,True
2023,6177371,3,"(25, 20)","(25, 19)",False,True
2023,6177423,1,"(21, 25)","(20, 27)",False,True
2023,6177423,2,"(18, 25)","(18, 23)",False,True
2023,6177423,3,"(20, 25)","(20, 25)",True,True
2023,6177475,1,"(25, 17)","(25, 17)",True,True
2023,6177475,2,"(25, 14)","(22, 15)",False,True
2023,6177475,3,"(25, 17)","(25, 17)",True,True
2023,6177527,1,"(21, 25)","(20, 25)",False,True
2023,6177527,2,"(23, 25)","(23, 26)",False,True
2023,6177527,3,"(20, 25)","(20, 26)",False,True
2023,6177580,1,"(25, 21)","(25, 21)",True,True
2023,6177580,2,"(25, 21)","(25, 21)",True,True
2023,6177580,3,"(22, 25)","(22, 25)",True,True
2023,6177580,4,"(25, 23)","(25, 23)",True,True
2023,6177632,1,"(25, 23)","(24, 24)",False,True
2023,6177632,2,"(15, 25)","(16, 25)",False,True
2023,6177632,3,"(18, 25)","(20, 25)",False,True
2023,6177632,4,"(19, 25)","(19, 25)",True,True
2023,6177684,1,"(25, 20)","(25, 20)",True,True
2023,6177684,2,"(25, 22)","(26, 21)",False,True
2023,6177684,3,"(25, 16)","(25, 16)",True,True
2023,6177736,1,"(25, 21)","(24, 21)",False,True
2023,6177736,2,"(25, 21)","(25, 21)",True,True
2023,6177736,3,"(20, 25)","(20, 25)",True,True
2023,6177736,4,"(13, 25)","(16, 23)",False,True
2023,6177736,5,"(9, 15)","(9, 15)",True,True
2023,6177788,1,"(16, 25)","(15, 25)",False,True
2023,6177788,2,"(21, 25)","(21, 25)",True,True
2023,6177788,3,"(14, 25)","(14, 25)",True,True
2023,6177840,1,"(26, 24)","(26, 24)",True,True
2023,6177840,2,"(25, 21)","(26, 21)",False,True
2023,6177840,3,"(21, 25)","(22, 24)",False,True
2023,6177840,4,"(25, 14)","(24, 14)",False,True
2023,6177892,1,"(25, 12)",None,False,False
2023,6177892,2,"(25, 13)","(1, 1)",False,False
2023,6177892,3,"(25, 19)",None,False,False
2023,6177945,1,"(12, 25)","(12, 25)",True,False
2023,6177945,2,"(20, 25)","(20, 25)",True,False
2023,6177945,3,"(21, 25)","(21, 25)",True,False
2023,6177997,1,"(23, 25)","(22, 24)",False,True
2023,6177997,2,"(13, 25)","(12, 25)",False,True
2023,6177997,3,"(19, 25)","(19, 25)",True,True
2023,6178049,1,"(6, 25)","(6, 23)",False,True
2023,6178049,2,"(20, 25)","(22, 30)",False,True
2023,6178049,3,"(17, 25)","(17, 23)",False,True
2023,6178101,1,"(23, 25)","(23, 23)",False,True
2023,6178101,2,"(25, 20)","(23, 19)",False,True
2023,6178101,3,"(25, 21)","(25, 21)",True,True
2023,6178101,4,"(17, 25)","(18, 26)",False,True
2023,6178101,5,"(15, 17)","(16, 18)",False,True
2023,6178153,1,"(18, 25)","(18, 25)",True,True
2023,6178153,2,"(25, 18)","(24, 17)",False,True
2023,6178153,3,"(25, 16)","(26, 16)",False,True
2023,6178153,4,"(25, 16)","(25, 16)",True,True
2023,6178205,1,"(21, 25)","(22, 24)",False,True
2023,6178205,2,"(28, 30)","(28, 30)",True,True
2023,6178205,3,"(25, 27)","(25, 27)",True,True
2023,6178257,1,"(25, 23)","(25, 23)",True,True
2023,6178257,2,"(12, 25)","(13, 25)",False,True
2023,6178257,3,"(23, 25)","(24, 25)",False,True
2023,6178257,4,"(31, 29)","(32, 30)",False,True
2023,6178257,5,"(15, 12)","(14, 12)",False,True
2023,6178309,1,"(25, 22)","(25, 22)",True,True
2023,6178309,2,"(28, 26)","(28, 25)",False,True
2023,6178309,3,"(22, 25)","(22, 25)",True,True
2023,6178309,4,"(25, 22)","(25, 22)",True,True
2023,6178361,1,"(25, 21)","(24, 22)",False,True
2023,6178361,2,"(25, 21)","(25, 23)",False,True
2023,6178361,3,"(25, 9)","(24, 9)",False,True
2023,6178413,1,"(18, 25)","(18, 25)",True,True
2023,6178413,2,"(19, 25)","(18, 23)",False,True
2023,6178413,3,"(15, 25)","(14, 26)",False,True
2023,6178466,1,"(25, 23)","(24, 24)",False,True
2023,6178466,2,"(25, 16)","(25, 16)",True,True
2023,6178466,3,"(25, 10)","(25, 10)",True,True
2023,6178518,1,"(21, 25)","(21, 25)",True,True
2023,6178518,2,"(25, 20)","(25, 21)",False,True
2023,6178518,3,"(20, 25)","(22, 23)",False,True
2023,6178518,4,"(10, 25)","(10, 24)",False,True
2023,6178570,1,"(25, 20)","(26, 20)",False,True
2023,6178570,2,"(25, 21)","(25, 21)",True,True
2023,6178570,3,"(25, 20)","(25, 19)",False,True
2023,6178622,1,"(25, 20)","(25, 21)",False,True
2023,6178622,2,"(25, 22)","(26, 22)",False,True
2023,6178622,3,"(31, 29)","(30, 29)",False,True
2023,6178674,1,"(22, 25)","(24, 24)",False,True
2023,6178674,2,"(25, 15)","(24, 15)",False,True
2023,6178674,3,"(25, 19)","(26, 19)",False,True
2023,6178674,4,"(26, 28)","(26, 29)",False,True
2023,6178674,5,"(15, 9)","(14, 9)",False,True
2023,6180153,1,"(25, 12)","(24, 12)",False,True
2023,6180153,2,"(25, 23)","(25, 22)",False,True
2023,6180153,3,"(25, 12)","(26, 12)",False,True
2023,6182133,1,"(25, 22)","(25, 22)",True,True
2023,6182133,2,"(25, 22)","(25, 22)",True,True
2023,6182133,3,"(25, 16)","(25, 16)",True,True
2023,6191632,1,"(25, 16)","(25, 16)",True,True
2023,6191632,2,"(25, 16)","(25, 16)",True,True
2023,6191632,3,"(27, 25)","(27, 24)",False,True
2023,6228834,1,"(25, 27)","(25, 27)",True,False
2023,6228834,2,"(18, 25)","(20, 23)",False,False
2023,6228834,3,"(21, 25)","(21, 25)",True,False
2023,6228979,1,"(17, 25)","(16, 25)",False,True
2023,6228979,2,"(22, 25)","(22, 24)",False,True
2023,6228979,3,"(15, 25)","(15, 25)",True,True
2023,6229199,1,"(25, 20)","(25, 18)",False,True
2023,6229199,2,"(26, 24)","(26, 21)",False,True
2023,6229199,3,"(25, 19)","(21, 19)",False,True
2026,6624236,1,"(25, 20)","(25, 20)",True,False
2026,6624236,2,"(25, 12)","(25, 12)",True,False
2026,6624236,3,"(25, 11)","(25, 11)",True,False
2026,6624272,1,"(25, 21)","(25, 21)",True,False
2026,6624272,2,"(25, 18)","(25, 18)",True,False
2026,6624272,3,"(25, 10)","(25, 10)",True,False
2026,6624307,1,"(25, 18)","(25, 18)",True,False
2026,6624307,2,"(25, 19)","(25, 19)",True,False
2026,6624307,3,"(25, 22)","(3, 6)",False,False
2026,6624326,1,"(25, 23)","(25, 23)",True,False
2026,6624326,2,"(14, 25)","(14, 25)",True,False
2026,6624326,3,"(16, 25)","(16, 25)",True,False
2026,6624326,4,"(12, 25)","(12, 25)",True,False
2026,6624380,1,"(14, 25)","(14, 25)",True,False
2026,6624380,2,"(11, 25)","(11, 25)",True,False
2026,6624380,3,"(22, 25)","(22, 25)",True,False
2026,6624442,1,"(30, 28)","(6, 6)",False,False
2026,6624442,2,"(22, 25)","(1, 0)",False,False
2026,6624442,3,"(25, 19)","(25, 19)",True,False
2026,6624442,4,"(25, 21)","(25, 21)",True,False
2026,6624505,1,"(25, 12)","(25, 12)",True,False
2026,6624505,2,"(25, 17)","(25, 17)",True,False
2026,6624505,3,"(25, 19)","(25, 19)",True,False
2026,6624549,1,"(15, 25)","(15, 25)",True,False
2026,6624549,2,"(23, 25)","(23, 25)",True,False
2026,6624549,3,"(21, 25)","(21, 25)",True,False
2026,6624602,1,"(25, 9)","(25, 9)",True,False
2026,6624602,2,"(25, 18)","(25, 18)",True,False
2026,6624602,3,"(25, 14)","(25, 14)",True,False
2026,6624650,1,"(7, 25)","(7, 25)",True,False
2026,6624650,2,"(20, 25)","(20, 25)",True,False
2026,6624650,3,"(15, 25)","(15, 25)",True,False
2026,6624700,1,"(25, 19)","(25, 19)",True,False
2026,6624700,2,"(25, 20)","(17, 17)",False,False
2026,6624700,3,"(25, 19)","(25, 19)",True,False
2026,6624771,1,"(25, 18)","(18, 25)",False,False
2026,6624771,2,"(19, 25)","(25, 19)",False,False
2026,6624771,3,"(20, 25)","(7, 4)",False,False
2026,6624771,4,"(22, 25)","(25, 22)",False,False
2026,6624833,1,"(22, 25)","(22, 25)",True,False
2026,6624833,2,"(14, 25)","(14, 24)",False,False
2026,6624833,3,"(25, 20)","(8, 9)",False,False
2026,6624833,4,"(17, 25)","(8, 12)",False,False
2026,6624897,1,"(22, 25)","(25, 22)",False,False
2026,6624897,2,"(25, 17)","(17, 25)",False,False
2026,6624897,3,"(25, 22)","(22, 25)",False,False
2026,6624897,4,"(20, 25)","(25, 20)",False,False
2026,6624897,5,"(15, 13)","(4, 8)",False,False
2026,6624941,1,"(28, 26)","(28, 26)",True,False
2026,6624941,2,"(25, 15)","(25, 15)",True,False
2026,6624941,3,"(25, 18)","(25, 18)",True,False
2026,6624992,1,"(25, 16)","(25, 16)",True,False
2026,6624992,2,"(25, 17)","(25, 17)",True,False
2026,6624992,3,"(15, 25)","(15, 25)",True,False
2026,6624992,4,"(25, 19)","(25, 19)",True,False
2026,6625051,1,"(23, 25)","(23, 25)",True,False
2026,6625051,2,"(28, 26)","(28, 26)",True,False
2026,6625051,3,"(28, 30)","(28, 30)",True,False
2026,6625051,4,"(14, 25)","(14, 25)",True,False
2026,6625114,1,"(21, 25)","(21, 25)",True,False
2026,6625114,2,"(25, 21)","(25, 21)",True,False
2026,6625114,3,"(14, 25)","(14, 25)",True,False
2026,6625114,4,"(25, 12)","(25, 12)",True,False
2026,6625114,5,"(15, 13)","(15, 13)",True,False
2026,6625163,1,"(18, 25)","(18, 25)",True,False
2026,6625163,2,"(25, 20)","(25, 20)",True,False
2026,6625163,3,"(25, 16)","(25, 16)",True,False
2026,6625163,4,"(24, 26)","(24, 26)",True,False
2026,6625163,5,"(13, 15)","(13, 15)",True,False
2026,6625204,1,"(25, 17)","(25, 17)",True,False
2026,6625204,2,"(28, 26)","(28, 26)",True,False
2026,6625204,3,"(25, 20)","(12, 8)",False,False
2026,6625243,1,"(25, 21)","(25, 21)",True,False
2026,6625243,2,"(24, 26)","(23, 23)",False,False
2026,6625243,3,"(24, 26)","(15, 15)",False,False
2026,6625243,4,"(25, 14)","(25, 14)",True,False
2026,6625243,5,"(15, 11)","(14, 9)",False,False
2026,6625304,1,"(22, 25)","(22, 25)",True,False
2026,6625304,2,"(22, 25)","(22, 25)",True,False
2026,6625304,3,"(20, 25)","(20, 25)",True,False
2026,6625356,1,"(25, 12)","(25, 12)",True,False
2026,6625356,2,"(25, 14)","(25, 14)",True,False
2026,6625356,3,"(28, 26)","(28, 26)",True,False
2026,6625392,1,"(25, 14)","(25, 14)",True,False
2026,6625392,2,"(25, 20)","(25, 20)",True,False
2026,6625392,3,"(25, 23)","(25, 23)",True,False
2026,6625431,1,"(25, 23)","(16, 16)",False,False
2026,6625431,2,"(21, 25)","(21, 25)",True,False
2026,6625431,3,"(22, 25)","(10, 18)",False,False
2026,6625431,4,"(18, 25)","(3, 6)",False,False
2026,6625486,1,"(23, 25)","(3, 4)",False,False
2026,6625486,2,"(25, 18)","(25, 18)",True,False
2026,6625486,3,"(25, 23)","(25, 23)",True,False
2026,6625486,4,"(25, 14)","(25, 14)",True,False
2026,6625531,1,"(25, 23)","(1, 0)",False,False
2026,6625531,2,"(25, 13)","(1, 1)",False,False
2026,6625531,3,"(25, 22)","(7, 3)",False,False
2026,6625578,1,"(27, 25)","(27, 25)",True,False
2026,6625578,2,"(25, 23)","(25, 23)",True,False
2026,6625578,3,"(18, 25)","(18, 25)",True,False
2026,6625578,4,"(18, 25)","(18, 25)",True,False
2026,6625578,5,"(15, 5)","(15, 5)",True,False
2026,6625615,1,"(25, 20)","(25, 20)",True,False
2026,6625615,2,"(21, 25)","(21, 25)",True,False
2026,6625615,3,"(23, 25)","(23, 25)",True,False
2026,6625615,4,"(25, 20)","(25, 20)",True,False
2026,6625615,5,"(15, 10)","(15, 10)",True,False
2026,6625690,1,"(25, 22)","(18, 12)",False,False
2026,6625690,2,"(25, 14)","(25, 14)",True,False
2026,6625690,3,"(25, 18)","(25, 18)",True,False
2026,6625738,1,"(25, 19)","(25, 19)",True,False
2026,6625738,2,"(25, 22)","(25, 22)",True,False
2026,6625738,3,"(25, 13)","(25, 13)",True,False
2026,6625793,1,"(25, 18)","(25, 18)",True,False
2026,6625793,2,"(25, 17)","(25, 17)",True,False
2026,6625793,3,"(25, 19)","(25, 19)",True,False
2026,6625828,1,"(25, 20)","(25, 20)",True,False
2026,6625828,2,"(25, 21)","(25, 21)",True,False
2026,6625828,3,"(25, 22)","(25, 22)",True,False
2026,6625876,1,"(20, 25)","(20, 25)",True,False
2026,6625876,2,"(18, 25)","(18, 25)",True,False
2026,6625876,3,"(23, 25)","(23, 25)",True,False
2026,6625931,1,"(25, 18)","(1, 4)",False,False
2026,6625931,2,"(25, 20)","(25, 20)",True,False
2026,6625931,3,"(26, 24)","(26, 24)",True,False
2026,6625972,1,"(20, 25)","(20, 25)",True,False
2026,6625972,2,"(25, 17)","(25, 17)",True,False
2026,6625972,3,"(27, 25)","(27, 25)",True,False
2026,6625972,4,"(21, 25)","(21, 25)",True,False
2026,6625972,5,"(12, 15)","(12, 15)",True,False
2026,6626017,1,"(25, 22)","(25, 22)",True,False
2026,6626017,2,"(23, 25)","(23, 25)",True,False
2026,6626017,3,"(26, 24)","(26, 24)",True,False
2026,6626017,4,"(25, 6)","(25, 6)",True,False
2026,6626080,1,"(25, 18)","(25, 18)",True,False
2026,6626080,2,"(25, 8)","(25, 8)",True,False
2026,6626080,3,"(25, 16)","(25, 16)",True,False
2026,6626132,1,"(25, 21)","(25, 21)",True,False
2026,6626132,2,"(25, 19)","(25, 19)",True,False
2026,6626132,3,"(19, 25)","(19, 25)",True,False
2026,6626132,4,"(25, 15)","(25, 15)",True,False
2026,6626195,1,"(25, 11)","(25, 11)",True,False
2026,6626195,2,"(25, 23)","(25, 23)",True,False
2026,6626195,3,"(25, 21)","(25, 21)",True,False
2026,6626242,1,"(23, 25)","(23, 25)",True,False
2026,6626242,2,"(21, 25)","(21, 25)",True,False
2026,6626242,3,"(10, 25)","(10, 25)",True,False
2026,6626286,1,"(16, 25)","(25, 16)",False,False
2026,6626286,2,"(22, 25)","(25, 22)",False,False
2026,6626286,3,"(19, 25)","(25, 19)",False,False
2026,6626328,1,"(24, 26)","(24, 26)",True,False
2026,6626328,2,"(27, 25)","(27, 25)",True,False
2026,6626328,3,"(23, 25)","(23, 25)",True,False
2026,6626328,4,"(25, 17)","(25, 17)",True,False
2026,6626328,5,"(13, 15)","(13, 15)",True,False
2026,6626382,1,"(25, 23)","(25, 23)",True,False
2026,6626382,2,"(23, 25)","(23, 25)",True,False
2026,6626382,3,"(16, 25)","(16, 25)",True,False
2026,6626382,4,"(16, 25)","(16, 25)",True,False
2026,6626421,1,"(25, 13)","(25, 13)",True,False
2026,6626421,2,"(25, 22)","(25, 22)",True,False
2026,6626421,3,"(25, 19)","(25, 19)",True,False
2026,6626470,1,"(25, 19)","(19, 25)",False,False
2026,6626470,2,"(25, 15)","(15, 25)",False,False
2026,6626470,3,"(25, 23)","(23, 25)",False,False
2026,6626507,1,"(22, 25)","(22, 25)",True,False
2026,6626507,2,"(21, 25)","(21, 25)",True,False
2026,6626507,3,"(25, 23)","(21, 22)",False,False
2026,6626507,4,"(25, 22)","(1, 0)",False,False
2026,6626507,5,"(12, 15)","(1, 1)",False,False
2026,6626539,1,"(25, 21)","(25, 21)",True,False
2026,6626539,2,"(25, 21)","(25, 21)",True,False
2026,6626539,3,"(23, 25)","(23, 25)",True,False
2026,6626539,4,"(25, 19)","(25, 19)",True,False
2026,6626586,1,"(25, 18)","(25, 18)",True,False
2026,6626586,2,"(17, 25)","(17, 25)",True,False
2026,6626586,3,"(25, 19)","(25, 19)",True,False
2026,6626586,4,"(17, 25)","(17, 25)",True,False
2026,6626586,5,"(13, 15)","(13, 15)",True,False
2026,6626619,1,"(25, 21)","(25, 21)",True,False
2026,6626619,2,"(21, 25)","(9, 7)",False,False
2026,6626619,3,"(19, 25)","(19, 25)",True,False
2026,6626619,4,"(15, 25)","(15, 25)",True,False
2026,6626663,1,"(25, 16)","(25, 16)",True,False
2026,6626663,2,"(25, 23)","(25, 23)",True,False
2026,6626663,3,"(25, 21)","(20, 17)",False,False
2026,6626708,1,"(25, 17)","(25, 17)",True,False
2026,6626708,2,"(22, 25)","(22, 25)",True,False
2026,6626708,3,"(25, 19)","(25, 19)",True,False
2026,6626708,4,"(12, 25)","(12, 25)",True,False
2026,6626708,5,"(15, 8)","(15, 8)",True,False
2026,6626784,1,"(18, 25)","(18, 25)",True,False
2026,6626784,2,"(25, 19)","(25, 19)",True,False
2026,6626784,3,"(25, 22)","(25, 22)",True,False
2026,6626784,4,"(21, 25)","(21, 25)",True,False
2026,6626784,5,"(16, 14)","(16, 14)",True,False
2026,6626824,1,"(19, 25)","(19, 25)",True,False
2026,6626824,2,"(25, 21)","(25, 21)",True,False
2026,6626824,3,"(10, 25)","(10, 25)",True,False
2026,6626824,4,"(26, 24)","(26, 24)",True,False
2026,6626824,5,"(13, 15)","(13, 15)",True,False
2026,6626877,1,"(25, 14)","(25, 14)",True,False
2026,6626877,2,"(25, 18)","(25, 18)",True,False
2026,6626877,3,"(25, 22)","(25, 22)",True,False
2026,6626924,1,"(25, 16)","(25, 16)",True,False
2026,6626924,2,"(22, 25)","(22, 25)",True,False
2026,6626924,3,"(17, 25)","(14, 19)",False,False
2026,6626924,4,"(25, 20)","(25, 20)",True,False
2026,6626924,5,"(15, 9)",None,False,False
2026,6626977,1,"(25, 21)","(25, 21)",True,False
2026,6626977,2,"(14, 25)","(14, 25)",True,False
2026,6626977,3,"(22, 25)","(22, 24)",False,False
2026,6626977,4,"(17, 25)","(17, 25)",True,False
2026,6627022,1,"(18, 25)","(25, 18)",False,False
2026,6627022,2,"(19, 25)","(25, 19)",False,False
2026,6627022,3,"(19, 25)","(25, 19)",False,False
2026,6627082,1,"(25, 21)","(24, 20)",False,False
2026,6627082,2,"(27, 25)","(27, 25)",True,False
2026,6627082,3,"(25, 18)","(25, 18)",True,False
2026,6627111,1,"(20, 25)","(20, 25)",True,False
2026,6627111,2,"(22, 25)","(22, 25)",True,False
2026,6627111,3,"(19, 25)","(1, 0)",False,False
2026,6627164,1,"(25, 17)","(17, 25)",False,False
2026,6627164,2,"(25, 15)","(15, 25)",False,False
2026,6627164,3,"(25, 22)","(22, 25)",False,False
2026,6627198,1,"(24, 26)","(24, 26)",True,False
2026,6627198,2,"(25, 23)","(25, 23)",True,False
2026,6627198,3,"(16, 25)","(16, 25)",True,False
2026,6627198,4,"(25, 21)","(25, 21)",True,False
2026,6627198,5,"(9, 15)","(9, 15)",True,False
2026,6627245,1,"(21, 25)","(5, 8)",False,False
2026,6627245,2,"(24, 26)","(24, 26)",True,False
2026,6627245,3,"(25, 19)","(25, 19)",True,False
2026,6627245,4,"(16, 25)","(6, 8)",False,False
2026,6627291,1,"(23, 25)","(23, 25)",True,False
2026,6627291,2,"(25, 21)","(25, 21)",True,False
2026,6627291,3,"(22, 25)","(22, 25)",True,False
2026,6627291,4,"(21, 25)","(21, 25)",True,False
2026,6627317,1,"(24, 26)","(24, 26)",True,False
2026,6627317,2,"(20, 25)","(20, 25)",True,False
2026,6627317,3,"(20, 25)","(20, 25)",True,False
2026,6627371,1,"(25, 18)","(25, 18)",True,False
2026,6627371,2,"(25, 22)","(25, 22)",True,False
2026,6627371,3,"(25, 19)","(25, 19)",True,False
2026,6627429,1,"(28, 30)","(28, 30)",True,False
2026,6627429,2,"(21, 25)","(21, 25)",True,False
2026,6627429,3,"(25, 13)","(25, 13)",True,False
2026,6627429,4,"(21, 25)","(21, 25)",True,False
2026,6627474,1,"(15, 25)","(15, 25)",True,False
2026,6627474,2,"(25, 15)","(25, 15)",True,False
2026,6627474,3,"(20, 25)","(20, 25)",True,False
2026,6627474,4,"(19, 25)","(19, 25)",True,False
2026,6627525,1,"(25, 15)","(25, 15)",True,False
2026,6627525,2,"(23, 25)","(23, 24)",False,False
2026,6627525,3,"(25, 11)","(25, 11)",True,False
2026,6627525,4,"(25, 14)","(25, 14)",True,False
2026,6627572,1,"(20, 25)","(6, 4)",False,False
2026,6627572,2,"(22, 25)","(22, 25)",True,False
2026,6627572,3,"(18, 25)","(6, 8)",False,False
2026,6627620,1,"(25, 19)","(0, 1)",False,False
2026,6627620,2,"(25, 21)","(25, 21)",True,False
2026,6627620,3,"(21, 25)","(21, 25)",True,False
2026,6627620,4,"(18, 25)","(18, 25)",True,False
2026,6627620,5,"(16, 14)","(16, 14)",True,False
2026,6627674,1,"(23, 25)","(25, 23)",False,False
2026,6627674,2,"(9, 25)","(25, 9)",False,False
2026,6627674,3,"(22, 25)","(25, 22)",False,False
2026,6627733,1,"(20, 25)","(25, 20)",False,False
2026,6627733,2,"(25, 20)","(20, 25)",False,False
2026,6627733,3,"(26, 24)","(24, 26)",False,False
2026,6627733,4,"(29, 27)","(27, 29)",False,False
2026,6627790,1,"(25, 16)",None,False,False
2026,6627790,2,"(21, 25)","(0, 1)",False,False
2026,6627790,3,"(22, 25)","(0, 4)",False,False
2026,6627790,4,"(24, 26)",None,False,False
2026,6627821,1,"(27, 25)","(27, 25)",True,False
2026,6627821,2,"(20, 25)","(7, 6)",False,False
2026,6627821,3,"(19, 25)","(5, 5)",False,False
2026,6627821,4,"(26, 24)","(25, 24)",False,False
2026,6627821,5,"(9, 15)","(9, 15)",True,False
2026,6627882,1,"(27, 25)","(27, 25)",True,False
2026,6627882,2,"(25, 19)","(25, 19)",True,False
2026,6627882,3,"(25, 20)","(25, 20)",True,False
2026,6627929,1,"(18, 25)","(1, 1)",False,False
2026,6627929,2,"(23, 25)","(4, 6)",False,False
2026,6627929,3,"(20, 25)",None,False,False
2026,6627968,1,"(23, 25)","(6, 6)",False,False
2026,6627968,2,"(23, 25)","(23, 25)",True,False
2026,6627968,3,"(25, 16)","(25, 16)",True,False
2026,6627968,4,"(25, 27)","(25, 27)",True,False
2026,6628016,1,"(25, 9)","(25, 9)",True,False
2026,6628016,2,"(25, 21)","(25, 21)",True,False
2026,6628016,3,"(25, 19)","(25, 19)",True,False
2026,6628062,1,"(20, 25)","(20, 25)",True,False
2026,6628062,2,"(25, 15)","(25, 15)",True,False
2026,6628062,3,"(17, 25)","(17, 25)",True,False
2026,6628062,4,"(25, 22)","(25, 22)",True,False
2026,6628062,5,"(10, 15)","(10, 15)",True,False
2026,6628136,1,"(19, 25)","(19, 25)",True,False
2026,6628136,2,"(13, 25)","(13, 25)",True,False
2026,6628136,3,"(15, 25)","(15, 25)",True,False
2026,6628181,1,"(25, 23)","(25, 23)",True,False
2026,6628181,2,"(22, 25)","(22, 25)",True,False
2026,6628181,3,"(25, 19)","(25, 19)",True,False
2026,6628181,4,"(21, 25)","(21, 25)",True,False
2026,6628181,5,"(18, 16)","(18, 16)",True,False
2026,6628235,1,"(24, 26)","(24, 26)",True,False
2026,6628235,2,"(25, 23)","(25, 23)",True,False
2026,6628235,3,"(13, 25)","(13, 25)",True,False
2026,6628235,4,"(24, 26)","(24, 26)",True,False
2026,6628279,1,"(25, 14)","(25, 14)",True,False
2026,6628279,2,"(25, 19)","(25, 19)",True,False
2026,6628279,3,"(25, 18)","(18, 9)",False,False
2026,6628323,1,"(25, 19)","(25, 19)",True,False
2026,6628323,2,"(25, 22)","(25, 22)",True,False
2026,6628323,3,"(25, 16)","(25, 16)",True,False
2026,6628381,1,"(21, 25)","(25, 21)",False,False
2026,6628381,2,"(25, 16)","(16, 25)",False,False
2026,6628381,3,"(25, 22)","(22, 25)",False,False
2026,6628381,4,"(22, 25)","(25, 22)",False,False
2026,6628381,5,"(15, 10)","(10, 15)",False,False
2026,6628430,1,"(17, 25)","(25, 17)",False,False
2026,6628430,2,"(23, 25)","(25, 23)",False,False
2026,6628430,3,"(19, 25)","(25, 19)",False,False
2026,6628506,1,"(23, 25)","(23, 25)",True,False
2026,6628506,2,"(23, 25)","(23, 25)",True,False
2026,6628506,3,"(20, 25)","(20, 25)",True,False
2026,6628545,1,"(25, 27)","(25, 27)",True,False
2026,6628545,2,"(25, 19)","(25, 19)",True,False
2026,6628545,3,"(25, 20)","(25, 20)",True,False
2026,6628545,4,"(25, 19)","(25, 19)",True,False
2026,6628603,1,"(20, 25)","(20, 25)",True,False
2026,6628603,2,"(25, 14)","(25, 14)",True,False
2026,6628603,3,"(25, 22)","(25, 22)",True,False
2026,6628603,4,"(16, 25)","(16, 25)",True,False
2026,6628603,5,"(15, 13)","(15, 13)",True,False
2026,6628650,1,"(23, 25)","(14, 16)",False,False
2026,6628650,2,"(28, 26)","(28, 26)",True,False
2026,6628650,3,"(20, 25)","(20, 25)",True,False
2026,6628650,4,"(25, 19)","(25, 19)",True,False
2026,6628650,5,"(14, 16)","(14, 16)",True,False
2026,6628700,1,"(25, 21)","(25, 21)",True,False
2026,6628700,2,"(25, 19)","(19, 18)",False,False
2026,6628700,3,"(23, 25)","(2, 4)",False,False
2026,6628700,4,"(12, 25)","(12, 25)",True,False
2026,6628700,5,"(9, 15)","(9, 15)",True,False
2026,6637453,1,"(15, 25)","(15, 25)",True,False
2026,6637453,2,"(25, 19)","(25, 19)",True,False
2026,6637453,3,"(25, 22)","(25, 22)",True,False
2026,6637453,4,"(18, 25)","(18, 25)",True,False
2026,6637453,5,"(12, 15)","(12, 15)",True,False
2026,6637762,1,"(17, 25)","(17, 25)",True,False
2026,6637762,2,"(28, 26)","(28, 26)",True,False
2026,6637762,3,"(25, 21)","(25, 21)",True,False
2026,6637762,4,"(26, 24)","(26, 24)",True,False
2026,6638240,1,"(21, 25)","(21, 25)",True,False
2026,6638240,2,"(25, 18)","(25, 18)",True,False
2026,6638240,3,"(25, 22)","(25, 22)",True,False
2026,6638240,4,"(25, 20)","(8, 5)",False,False
2026,6639096,1,"(25, 18)","(25, 18)",True,False
2026,6639096,2,"(19, 25)","(19, 25)",True,False
2026,6639096,3,"(17, 25)","(17, 25)",True,False
2026,6639096,4,"(23, 25)","(23, 25)",True,False
2026,6639464,1,"(23, 25)","(25, 23)",False,False
2026,6639464,2,"(8, 25)","(25, 8)",False,False
2026,6639464,3,"(16, 25)","(25, 16)",False,False
2026,6639580,1,"(17, 25)","(25, 17)",False,False
2026,6639580,2,"(14, 25)","(25, 14)",False,False
2026,6639580,3,"(16, 25)","(25, 16)",False,False
2026,6639642,1,"(25, 12)","(25, 12)",True,False
2026,6639642,2,"(25, 19)","(25, 19)",True,False
2026,6639642,3,"(25, 20)","(25, 20)",True,False
