season,method,n,correct,accuracy
2021,elo_sum,3101,2369,0.7639471138342471
2021,elo_weighted,3101,2365,0.7626572073524669
2021,fixed_set_model,3101,2392,0.7713640761044824
2022,elo_sum,3284,2515,0.7658343483556638
2022,elo_weighted,3284,2516,0.7661388550548112
2022,fixed_set_model,3284,2536,0.7722289890377588
2023,elo_sum,3243,2512,0.7745914276904101
2023,elo_weighted,3243,2511,0.7742830712303422
2023,fixed_set_model,3243,2538,0.782608695652174
2024,elo_sum,3269,2568,0.7855613337412053
2024,elo_weighted,3269,2570,0.786173141633527
2024,fixed_set_model,3269,2586,0.7910676047721016
2025,elo_sum,3236,2496,0.7713226205191595
2025,elo_weighted,3236,2494,0.7707045735475896
2025,fixed_set_model,3236,2522,0.7793572311495673
