date,book,market,side,point,fixture,matchup,close_dec,implied,p_model,won,push,is_fav,p_mkt,p_blend,edge_model,edge_blend,w,gate
2026-09-27,draftkings,ml,away,,id2304384773534890,arizona @ colorado,5.5,0.18181818181818182,0.2771296838734846,False,False,False,0.15195915195915194,0.18374989837542507,0.09531150205530275,0.0019317165572432515,0.4,0.01
2026-09-27,draftkings,ml,home,,id2304384773534870,arizona-st @ cincinnati,5.2,0.1923076923076923,0.28539893932132876,False,False,False,0.16211690683986205,0.19385650565350032,0.09309124701363647,0.001548813345808031,0.4,0.01
2026-09-27,draftkings,ml,home,,id2304384773534872,tcu @ west-virginia,11.0,0.09090909090909091,0.1625339654364387,False,False,False,0.06835880564694127,0.08944973376719813,0.07162487452734778,-0.0014593571418927836,0.5,0.01
2026-09-27,draftkings,ml,away,,id2304384773534890,arizona @ colorado,5.5,0.18181818181818182,0.2771296838734846,False,False,False,0.15195915195915194,0.18374989837542507,0.09531150205530275,0.0019317165572432515,0.5,0.01
2026-09-27,draftkings,ml,home,,id2304384773534870,arizona-st @ cincinnati,5.2,0.1923076923076923,0.28539893932132876,False,False,False,0.16211690683986205,0.19385650565350032,0.09309124701363647,0.001548813345808031,0.5,0.01
2026-09-27,draftkings,ml,away,,id2304384773534874,texas @ kentucky,5.0,0.2,0.28312456941542974,False,False,False,0.1693481276005548,0.19910739416470033,0.08312456941542973,-0.0008926058352996813,0.5,0.01
2026-09-27,draftkings,spread,home,2.5,id2304384773534870,arizona-st @ cincinnati,1.625,0.6153846153846154,0.6671658435376113,True,False,True,0.584478021978022,0.6100320320349972,0.051781228152995906,-0.00535258334961819,0.5,0.01
2026-09-27,draftkings,ml,away,,id2304384773534890,arizona @ colorado,5.5,0.18181818181818182,0.2771296838734846,False,False,False,0.15195915195915194,0.18374989837542507,0.09531150205530275,0.0019317165572432515,0.5,0.02
2026-09-27,draftkings,ml,home,,id2304384773534870,arizona-st @ cincinnati,5.2,0.1923076923076923,0.28539893932132876,False,False,False,0.16211690683986205,0.19385650565350032,0.09309124701363647,0.001548813345808031,0.5,0.02
2026-09-27,draftkings,ml,away,,id2304384773534874,texas @ kentucky,5.0,0.2,0.28312456941542974,False,False,False,0.1693481276005548,0.19910739416470033,0.08312456941542973,-0.0008926058352996813,0.5,0.02
